,Time,smart plug measure,timestamp
0,2022-09-05 20:04:45,15.9,1662401085
1,2022-09-05 20:04:50,15.9,1662401090
2,2022-09-05 20:04:55,16.5,1662401095
3,2022-09-05 20:05:00,16.5,1662401100
4,2022-09-05 20:05:05,16.5,1662401105
5,2022-09-05 20:05:10,16.5,1662401110
6,2022-09-05 20:05:15,15.5,1662401115
7,2022-09-05 20:05:20,15.5,1662401120
8,2022-09-05 20:05:25,15.5,1662401125
9,2022-09-05 20:05:30,15.5,1662401130
10,2022-09-05 20:05:35,29.6,1662401135
11,2022-09-05 20:05:40,29.6,1662401140
12,2022-09-05 20:05:45,29.6,1662401145
13,2022-09-05 20:05:50,29.6,1662401150
14,2022-09-05 20:05:55,25.9,1662401155
15,2022-09-05 20:06:00,25.9,1662401160
16,2022-09-05 20:06:05,25.9,1662401165
17,2022-09-05 20:06:10,25.9,1662401170
18,2022-09-05 20:06:15,25.1,1662401175
19,2022-09-05 20:06:20,25.1,1662401180
20,2022-09-05 20:06:25,25.1,1662401185
21,2022-09-05 20:06:30,25.1,1662401190
22,2022-09-05 20:06:35,25.4,1662401195
23,2022-09-05 20:06:40,25.4,1662401200
24,2022-09-05 20:06:45,25.4,1662401205
25,2022-09-05 20:06:50,25.4,1662401210
26,2022-09-05 20:06:55,29.3,1662401215
27,2022-09-05 20:07:00,29.3,1662401220
28,2022-09-05 20:07:05,30.5,1662401225
29,2022-09-05 20:07:10,30.5,1662401230
30,2022-09-05 20:07:15,26.2,1662401235
31,2022-09-05 20:07:20,26.2,1662401240
32,2022-09-05 20:07:25,26.2,1662401245
33,2022-09-05 20:07:30,26.2,1662401250
34,2022-09-05 20:07:35,29.0,1662401255
35,2022-09-05 20:07:40,29.0,1662401260
36,2022-09-05 20:07:45,29.0,1662401265
37,2022-09-05 20:07:50,29.0,1662401270
38,2022-09-05 20:07:55,30.0,1662401275
39,2022-09-05 20:08:00,30.0,1662401280
40,2022-09-05 20:08:05,30.0,1662401285
41,2022-09-05 20:08:10,30.0,1662401290
42,2022-09-05 20:08:15,29.9,1662401295
43,2022-09-05 20:08:20,30.0,1662401300
44,2022-09-05 20:08:25,30.0,1662401305
45,2022-09-05 20:08:30,30.0,1662401310
46,2022-09-05 20:08:35,27.6,1662401315
47,2022-09-05 20:08:40,27.6,1662401320
48,2022-09-05 20:08:45,27.6,1662401325
49,2022-09-05 20:08:50,27.6,1662401330
50,2022-09-05 20:08:55,27.5,1662401335
51,2022-09-05 20:09:00,27.5,1662401340
52,2022-09-05 20:09:05,27.5,1662401345
53,2022-09-05 20:09:10,27.5,1662401350
54,2022-09-05 20:09:15,29.6,1662401355
55,2022-09-05 20:09:20,29.6,1662401360
56,2022-09-05 20:09:25,29.6,1662401365
57,2022-09-05 20:09:30,29.6,1662401370
58,2022-09-05 20:09:35,29.2,1662401375
59,2022-09-05 20:09:40,29.2,1662401380
60,2022-09-05 20:09:45,29.5,1662401385
61,2022-09-05 20:09:50,29.5,1662401390
62,2022-09-05 20:09:55,29.5,1662401395
63,2022-09-05 20:10:00,29.5,1662401400
64,2022-09-05 20:10:05,29.5,1662401405
65,2022-09-05 20:10:10,29.5,1662401410
66,2022-09-05 20:10:15,29.1,1662401415
67,2022-09-05 20:10:20,29.1,1662401420
68,2022-09-05 20:10:25,29.1,1662401425
69,2022-09-05 20:10:30,29.1,1662401430
70,2022-09-05 20:10:35,29.8,1662401435
71,2022-09-05 20:10:40,29.8,1662401440
72,2022-09-05 20:10:45,29.8,1662401445
73,2022-09-05 20:10:50,29.8,1662401450
74,2022-09-05 20:10:55,31.1,1662401455
75,2022-09-05 20:11:00,31.1,1662401460
76,2022-09-05 20:11:05,31.1,1662401465
77,2022-09-05 20:11:10,31.1,1662401470
78,2022-09-05 20:11:15,32.1,1662401475
79,2022-09-05 20:11:20,32.1,1662401480
80,2022-09-05 20:11:25,32.1,1662401485
81,2022-09-05 20:11:30,32.1,1662401490
82,2022-09-05 20:11:35,31.4,1662401495
83,2022-09-05 20:11:40,31.4,1662401500
84,2022-09-05 20:11:45,31.4,1662401505
85,2022-09-05 20:11:50,31.4,1662401510
86,2022-09-05 20:11:55,12.5,1662401515
87,2022-09-05 20:12:00,12.5,1662401520
88,2022-09-05 20:12:05,12.5,1662401525
89,2022-09-05 20:12:10,12.5,1662401530
90,2022-09-05 20:12:15,15.4,1662401535
91,2022-09-05 20:12:20,15.4,1662401540
92,2022-09-05 20:12:25,15.4,1662401545
93,2022-09-05 20:12:30,15.4,1662401550
94,2022-09-05 20:12:35,15.2,1662401555
95,2022-09-05 20:12:40,15.2,1662401560
96,2022-09-05 20:12:45,15.2,1662401565
97,2022-09-05 20:12:50,15.2,1662401570
98,2022-09-05 20:12:55,15.6,1662401575
99,2022-09-05 20:13:00,15.6,1662401580
100,2022-09-05 20:13:05,15.6,1662401585
101,2022-09-05 20:13:10,15.6,1662401590
102,2022-09-05 20:13:15,11.8,1662401595
103,2022-09-05 20:13:20,11.8,1662401600
104,2022-09-05 20:13:25,11.8,1662401605
105,2022-09-05 20:13:30,11.8,1662401610
106,2022-09-05 20:13:35,28.5,1662401615
107,2022-09-05 20:13:40,28.5,1662401620
108,2022-09-05 20:13:45,28.5,1662401625
109,2022-09-05 20:13:50,28.5,1662401630
110,2022-09-05 20:13:55,29.4,1662401635
111,2022-09-05 20:14:00,29.4,1662401640
112,2022-09-05 20:14:05,29.4,1662401645
113,2022-09-05 20:14:10,29.4,1662401650
114,2022-09-05 20:14:15,28.9,1662401655
115,2022-09-05 20:14:20,28.9,1662401660
116,2022-09-05 20:14:25,28.9,1662401665
117,2022-09-05 20:14:30,28.9,1662401670
118,2022-09-05 20:14:35,28.8,1662401675
119,2022-09-05 20:14:40,28.8,1662401680
120,2022-09-05 20:14:45,28.8,1662401685
121,2022-09-05 20:14:50,28.8,1662401690
122,2022-09-05 20:14:55,35.2,1662401695
123,2022-09-05 20:15:00,35.2,1662401700
124,2022-09-05 20:15:05,35.1,1662401705
125,2022-09-05 20:15:10,35.1,1662401710
126,2022-09-05 20:15:15,35.2,1662401715
127,2022-09-05 20:15:20,35.2,1662401720
128,2022-09-05 20:15:25,35.2,1662401725
129,2022-09-05 20:15:30,35.2,1662401730
130,2022-09-05 20:15:35,35.7,1662401735
131,2022-09-05 20:15:40,35.7,1662401740
132,2022-09-05 20:15:45,35.7,1662401745
133,2022-09-05 20:15:50,35.7,1662401750
134,2022-09-05 20:15:55,35.8,1662401755
135,2022-09-05 20:16:00,35.8,1662401760
136,2022-09-05 20:16:05,35.8,1662401765
137,2022-09-05 20:16:10,35.8,1662401770
138,2022-09-05 20:16:15,30.6,1662401775
139,2022-09-05 20:16:20,30.6,1662401780
140,2022-09-05 20:16:25,30.6,1662401785
141,2022-09-05 20:16:30,30.6,1662401790
142,2022-09-05 20:16:35,30.5,1662401795
143,2022-09-05 20:16:40,30.5,1662401800
144,2022-09-05 20:16:45,30.5,1662401805
145,2022-09-05 20:16:50,30.5,1662401810
146,2022-09-05 20:16:55,30.7,1662401815
147,2022-09-05 20:17:00,30.7,1662401820
148,2022-09-05 20:17:05,30.7,1662401825
149,2022-09-05 20:17:10,30.7,1662401830
150,2022-09-05 20:17:15,35.8,1662401835
151,2022-09-05 20:17:20,35.8,1662401840
152,2022-09-05 20:17:25,35.8,1662401845
153,2022-09-05 20:17:30,35.8,1662401850
154,2022-09-05 20:17:35,35.5,1662401855
155,2022-09-05 20:17:40,35.5,1662401860
156,2022-09-05 20:17:45,35.5,1662401865
157,2022-09-05 20:17:50,35.5,1662401870
158,2022-09-05 20:17:55,27.1,1662401875
159,2022-09-05 20:18:00,27.1,1662401880
160,2022-09-05 20:18:05,27.1,1662401885
161,2022-09-05 20:18:10,27.1,1662401890
162,2022-09-05 20:18:15,28.9,1662401895
163,2022-09-05 20:18:20,28.9,1662401900
164,2022-09-05 20:18:25,28.9,1662401905
165,2022-09-05 20:18:30,28.9,1662401910
166,2022-09-05 20:18:35,37.5,1662401915
167,2022-09-05 20:18:40,37.5,1662401920
168,2022-09-05 20:18:45,37.5,1662401925
169,2022-09-05 20:18:50,37.5,1662401930
170,2022-09-05 20:18:55,37.0,1662401935
171,2022-09-05 20:19:00,37.0,1662401940
172,2022-09-05 20:19:05,37.0,1662401945
173,2022-09-05 20:19:10,37.0,1662401950
174,2022-09-05 20:19:15,34.1,1662401955
175,2022-09-05 20:19:20,34.1,1662401960
176,2022-09-05 20:19:25,34.1,1662401965
177,2022-09-05 20:19:30,34.1,1662401970
178,2022-09-05 20:19:35,35.1,1662401975
179,2022-09-05 20:19:40,35.1,1662401980
180,2022-09-05 20:19:45,35.2,1662401985
181,2022-09-05 20:19:50,35.2,1662401990
182,2022-09-05 20:19:55,11.0,1662401995
183,2022-09-05 20:20:00,11.0,1662402000
184,2022-09-05 20:20:05,11.0,1662402005
185,2022-09-05 20:20:10,11.0,1662402010
186,2022-09-05 20:20:15,10.8,1662402015
187,2022-09-05 20:20:20,10.8,1662402020
188,2022-09-05 20:20:25,10.8,1662402025
189,2022-09-05 20:20:30,10.8,1662402030
190,2022-09-05 20:20:35,10.7,1662402035
191,2022-09-05 20:20:40,10.7,1662402040
192,2022-09-05 20:20:45,10.7,1662402045
193,2022-09-05 20:20:50,10.7,1662402050
194,2022-09-05 20:20:55,10.2,1662402055
195,2022-09-05 20:21:00,10.2,1662402060
196,2022-09-05 20:21:05,10.2,1662402065
197,2022-09-05 20:21:10,10.2,1662402070
198,2022-09-05 20:21:15,10.4,1662402075
199,2022-09-05 20:21:20,10.4,1662402080
200,2022-09-05 20:21:25,10.4,1662402085
201,2022-09-05 20:21:30,10.4,1662402090
202,2022-09-05 20:21:35,30.5,1662402095
203,2022-09-05 20:21:40,30.5,1662402100
204,2022-09-05 20:21:45,30.5,1662402105
205,2022-09-05 20:21:50,30.5,1662402110
206,2022-09-05 20:21:55,30.7,1662402115
207,2022-09-05 20:22:00,30.7,1662402120
208,2022-09-05 20:22:05,30.7,1662402125
209,2022-09-05 20:22:10,30.7,1662402130
210,2022-09-05 20:22:15,32.2,1662402135
211,2022-09-05 20:22:20,32.2,1662402140
212,2022-09-05 20:22:25,32.2,1662402145
213,2022-09-05 20:22:30,32.2,1662402150
214,2022-09-05 20:22:35,32.1,1662402155
215,2022-09-05 20:22:40,32.1,1662402160
216,2022-09-05 20:22:45,32.1,1662402165
217,2022-09-05 20:22:50,32.1,1662402170
218,2022-09-05 20:22:55,39.1,1662402175
219,2022-09-05 20:23:00,39.1,1662402180
220,2022-09-05 20:23:05,39.1,1662402185
221,2022-09-05 20:23:10,39.1,1662402190
222,2022-09-05 20:23:15,37.8,1662402195
223,2022-09-05 20:23:20,37.8,1662402200
224,2022-09-05 20:23:25,37.8,1662402205
225,2022-09-05 20:23:30,37.8,1662402210
226,2022-09-05 20:23:35,41.8,1662402215
227,2022-09-05 20:23:40,41.8,1662402220
228,2022-09-05 20:23:45,41.8,1662402225
229,2022-09-05 20:23:50,41.8,1662402230
230,2022-09-05 20:23:55,41.8,1662402235
231,2022-09-05 20:24:00,41.8,1662402240
232,2022-09-05 20:24:05,42.7,1662402245
233,2022-09-05 20:24:10,42.7,1662402250
234,2022-09-05 20:24:15,34.3,1662402255
235,2022-09-05 20:24:20,34.3,1662402260
236,2022-09-05 20:24:25,34.3,1662402265
237,2022-09-05 20:24:30,34.3,1662402270
238,2022-09-05 20:24:35,34.2,1662402275
239,2022-09-05 20:24:40,34.2,1662402280
240,2022-09-05 20:24:45,34.2,1662402285
241,2022-09-05 20:24:50,34.2,1662402290
242,2022-09-05 20:24:55,39.3,1662402295
243,2022-09-05 20:25:00,39.3,1662402300
244,2022-09-05 20:25:05,39.3,1662402305
245,2022-09-05 20:25:10,39.3,1662402310
246,2022-09-05 20:25:15,38.5,1662402315
247,2022-09-05 20:25:20,38.5,1662402320
248,2022-09-05 20:25:25,38.5,1662402325
249,2022-09-05 20:25:30,38.5,1662402330
250,2022-09-05 20:25:35,22.6,1662402335
251,2022-09-05 20:25:40,22.6,1662402340
252,2022-09-05 20:25:45,22.6,1662402345
253,2022-09-05 20:25:50,22.6,1662402350
254,2022-09-05 20:25:55,23.6,1662402355
255,2022-09-05 20:26:00,23.6,1662402360
256,2022-09-05 20:26:05,23.6,1662402365
257,2022-09-05 20:26:10,23.6,1662402370
258,2022-09-05 20:26:15,41.8,1662402375
259,2022-09-05 20:26:20,41.8,1662402380
260,2022-09-05 20:26:25,41.8,1662402385
261,2022-09-05 20:26:30,41.8,1662402390
262,2022-09-05 20:26:35,37.2,1662402395
263,2022-09-05 20:26:40,37.2,1662402400
264,2022-09-05 20:26:45,37.2,1662402405
265,2022-09-05 20:26:50,37.2,1662402410
266,2022-09-05 20:26:55,32.7,1662402415
267,2022-09-05 20:27:00,32.7,1662402420
268,2022-09-05 20:27:05,32.7,1662402425
269,2022-09-05 20:27:10,32.7,1662402430
270,2022-09-05 20:27:15,39.7,1662402435
271,2022-09-05 20:27:20,39.7,1662402440
272,2022-09-05 20:27:25,39.7,1662402445
273,2022-09-05 20:27:30,39.7,1662402450
274,2022-09-05 20:27:35,38.9,1662402455
275,2022-09-05 20:27:40,38.9,1662402460
276,2022-09-05 20:27:45,38.9,1662402465
277,2022-09-05 20:27:50,38.9,1662402470
278,2022-09-05 20:27:55,9.8,1662402475
279,2022-09-05 20:28:00,9.8,1662402480
280,2022-09-05 20:28:05,9.8,1662402485
281,2022-09-05 20:28:10,9.8,1662402490
282,2022-09-05 20:28:15,12.0,1662402495
283,2022-09-05 20:28:20,12.0,1662402500
284,2022-09-05 20:28:25,12.0,1662402505
285,2022-09-05 20:28:30,12.0,1662402510
286,2022-09-05 20:28:35,12.0,1662402515
287,2022-09-05 20:28:40,12.0,1662402520
288,2022-09-05 20:28:45,12.0,1662402525
289,2022-09-05 20:28:50,12.0,1662402530
290,2022-09-05 20:28:55,12.1,1662402535
291,2022-09-05 20:29:00,12.1,1662402540
292,2022-09-05 20:29:05,12.1,1662402545
293,2022-09-05 20:29:10,12.1,1662402550
294,2022-09-05 20:29:15,32.9,1662402555
295,2022-09-05 20:29:20,32.9,1662402560
296,2022-09-05 20:29:25,32.9,1662402565
297,2022-09-05 20:29:30,32.9,1662402570
298,2022-09-05 20:29:35,32.6,1662402575
299,2022-09-05 20:29:40,32.6,1662402580
300,2022-09-05 20:29:45,32.6,1662402585
301,2022-09-05 20:29:50,32.6,1662402590
302,2022-09-05 20:29:55,29.6,1662402595
303,2022-09-05 20:30:00,29.6,1662402600
304,2022-09-05 20:30:05,29.6,1662402605
305,2022-09-05 20:30:10,29.6,1662402610
306,2022-09-05 20:30:15,29.4,1662402615
307,2022-09-05 20:30:20,29.4,1662402620
308,2022-09-05 20:30:25,29.4,1662402625
309,2022-09-05 20:30:30,29.4,1662402630
310,2022-09-05 20:30:35,33.1,1662402635
311,2022-09-05 20:30:40,33.1,1662402640
312,2022-09-05 20:30:45,33.1,1662402645
313,2022-09-05 20:30:50,33.1,1662402650
314,2022-09-05 20:30:55,33.2,1662402655
315,2022-09-05 20:31:00,33.2,1662402660
316,2022-09-05 20:31:05,33.2,1662402665
317,2022-09-05 20:31:10,33.2,1662402670
318,2022-09-05 20:31:15,34.0,1662402675
319,2022-09-05 20:31:20,34.0,1662402680
320,2022-09-05 20:31:25,33.7,1662402685
321,2022-09-05 20:31:30,33.7,1662402690
322,2022-09-05 20:31:35,43.8,1662402695
323,2022-09-05 20:31:40,43.8,1662402700
324,2022-09-05 20:31:45,43.8,1662402705
325,2022-09-05 20:31:50,43.8,1662402710
326,2022-09-05 20:31:55,44.0,1662402715
327,2022-09-05 20:32:00,44.0,1662402720
328,2022-09-05 20:32:05,44.0,1662402725
329,2022-09-05 20:32:10,44.0,1662402730
330,2022-09-05 20:32:15,40.0,1662402735
331,2022-09-05 20:32:20,40.0,1662402740
332,2022-09-05 20:32:25,40.0,1662402745
333,2022-09-05 20:32:30,40.0,1662402750
334,2022-09-05 20:32:35,40.2,1662402755
335,2022-09-05 20:32:40,40.2,1662402760
336,2022-09-05 20:32:45,40.2,1662402765
337,2022-09-05 20:32:50,40.2,1662402770
338,2022-09-05 20:32:55,38.1,1662402775
339,2022-09-05 20:33:00,38.1,1662402780
340,2022-09-05 20:33:05,38.1,1662402785
341,2022-09-05 20:33:10,38.1,1662402790
342,2022-09-05 20:33:15,40.3,1662402795
343,2022-09-05 20:33:20,40.3,1662402800
344,2022-09-05 20:33:25,40.3,1662402805
345,2022-09-05 20:33:30,40.3,1662402810
346,2022-09-05 20:33:35,22.0,1662402815
347,2022-09-05 20:33:40,22.0,1662402820
348,2022-09-05 20:33:45,22.0,1662402825
349,2022-09-05 20:33:50,22.0,1662402830
350,2022-09-05 20:33:55,22.7,1662402835
351,2022-09-05 20:34:00,22.7,1662402840
352,2022-09-05 20:34:05,22.7,1662402845
353,2022-09-05 20:34:10,22.7,1662402850
354,2022-09-05 20:34:15,40.3,1662402855
355,2022-09-05 20:34:20,40.3,1662402860
356,2022-09-05 20:34:25,40.3,1662402865
357,2022-09-05 20:34:30,40.3,1662402870
358,2022-09-05 20:34:35,40.9,1662402875
359,2022-09-05 20:34:40,40.9,1662402880
360,2022-09-05 20:34:45,40.9,1662402885
361,2022-09-05 20:34:50,40.9,1662402890
362,2022-09-05 20:34:55,40.6,1662402895
363,2022-09-05 20:35:00,40.6,1662402900
364,2022-09-05 20:35:05,40.6,1662402905
365,2022-09-05 20:35:10,40.6,1662402910
366,2022-09-05 20:35:15,39.5,1662402915
367,2022-09-05 20:35:20,39.5,1662402920
368,2022-09-05 20:35:25,39.5,1662402925
369,2022-09-05 20:35:30,39.5,1662402930
370,2022-09-05 20:35:35,6.9,1662402935
371,2022-09-05 20:35:40,6.9,1662402940
372,2022-09-05 20:35:45,6.9,1662402945
373,2022-09-05 20:35:50,6.9,1662402950
374,2022-09-05 20:35:55,5.8,1662402955
375,2022-09-05 20:36:00,5.8,1662402960
376,2022-09-05 20:36:05,5.8,1662402965
377,2022-09-05 20:36:10,5.8,1662402970
378,2022-09-05 20:36:15,5.2,1662402975
379,2022-09-05 20:36:20,5.2,1662402980
380,2022-09-05 20:36:25,5.2,1662402985
381,2022-09-05 20:36:30,5.2,1662402990
382,2022-09-05 20:36:35,5.2,1662402995
383,2022-09-05 20:36:40,5.2,1662403000
384,2022-09-05 20:36:45,5.2,1662403005
385,2022-09-05 20:36:50,5.2,1662403010
386,2022-09-05 20:36:55,5.2,1662403015
387,2022-09-05 20:37:00,5.2,1662403020
388,2022-09-05 20:37:05,5.2,1662403025
389,2022-09-05 20:37:10,5.2,1662403030
390,2022-09-05 20:37:15,32.6,1662403035
391,2022-09-05 20:37:20,32.6,1662403040
392,2022-09-05 20:37:25,32.6,1662403045
393,2022-09-05 20:37:30,32.6,1662403050
394,2022-09-05 20:37:35,32.7,1662403055
395,2022-09-05 20:37:40,32.7,1662403060
396,2022-09-05 20:37:45,32.7,1662403065
397,2022-09-05 20:37:50,32.7,1662403070
398,2022-09-05 20:37:55,32.8,1662403075
399,2022-09-05 20:38:00,32.8,1662403080
400,2022-09-05 20:38:05,32.8,1662403085
401,2022-09-05 20:38:10,32.8,1662403090
402,2022-09-05 20:38:15,34.0,1662403095
403,2022-09-05 20:38:20,34.0,1662403100
404,2022-09-05 20:38:25,34.0,1662403105
405,2022-09-05 20:38:30,34.0,1662403110
406,2022-09-05 20:38:35,37.1,1662403115
407,2022-09-05 20:38:40,37.1,1662403120
408,2022-09-05 20:38:45,37.1,1662403125
409,2022-09-05 20:38:50,37.1,1662403130
410,2022-09-05 20:38:55,37.1,1662403135
411,2022-09-05 20:39:00,37.1,1662403140
412,2022-09-05 20:39:05,37.1,1662403145
413,2022-09-05 20:39:10,37.1,1662403150
414,2022-09-05 20:39:15,50.7,1662403155
415,2022-09-05 20:39:20,50.7,1662403160
416,2022-09-05 20:39:25,50.7,1662403165
417,2022-09-05 20:39:30,50.7,1662403170
418,2022-09-05 20:39:35,47.2,1662403175
419,2022-09-05 20:39:40,47.2,1662403180
420,2022-09-05 20:39:45,47.2,1662403185
421,2022-09-05 20:39:50,47.2,1662403190
422,2022-09-05 20:39:55,37.1,1662403195
423,2022-09-05 20:40:00,37.1,1662403200
424,2022-09-05 20:40:05,37.1,1662403205
425,2022-09-05 20:40:10,37.1,1662403210
426,2022-09-05 20:40:15,39.2,1662403215
427,2022-09-05 20:40:20,39.2,1662403220
428,2022-09-05 20:40:25,39.2,1662403225
429,2022-09-05 20:40:30,39.2,1662403230
430,2022-09-05 20:40:35,39.4,1662403235
431,2022-09-05 20:40:40,39.4,1662403240
432,2022-09-05 20:40:45,39.4,1662403245
433,2022-09-05 20:40:50,39.4,1662403250
434,2022-09-05 20:40:55,36.0,1662403255
435,2022-09-05 20:41:00,36.0,1662403260
436,2022-09-05 20:41:05,36.0,1662403265
437,2022-09-05 20:41:10,36.0,1662403270
438,2022-09-05 20:41:15,41.2,1662403275
439,2022-09-05 20:41:20,41.2,1662403280
440,2022-09-05 20:41:25,41.2,1662403285
441,2022-09-05 20:41:30,41.2,1662403290
442,2022-09-05 20:41:35,18.0,1662403295
443,2022-09-05 20:41:40,18.0,1662403300
444,2022-09-05 20:41:45,18.0,1662403305
445,2022-09-05 20:41:50,18.0,1662403310
446,2022-09-05 20:41:55,21.8,1662403315
447,2022-09-05 20:42:00,21.8,1662403320
448,2022-09-05 20:42:05,21.8,1662403325
449,2022-09-05 20:42:10,21.8,1662403330
450,2022-09-05 20:42:15,43.2,1662403335
451,2022-09-05 20:42:20,43.2,1662403340
452,2022-09-05 20:42:25,43.2,1662403345
453,2022-09-05 20:42:30,43.2,1662403350
454,2022-09-05 20:42:35,42.5,1662403355
455,2022-09-05 20:42:40,42.5,1662403360
456,2022-09-05 20:42:45,42.5,1662403365
457,2022-09-05 20:42:50,42.5,1662403370
458,2022-09-05 20:42:55,43.7,1662403375
459,2022-09-05 20:43:00,43.7,1662403380
460,2022-09-05 20:43:05,43.7,1662403385
461,2022-09-05 20:43:10,43.7,1662403390
462,2022-09-05 20:43:15,41.1,1662403395
463,2022-09-05 20:43:20,41.1,1662403400
464,2022-09-05 20:43:25,41.1,1662403405
465,2022-09-05 20:43:30,41.1,1662403410
466,2022-09-05 20:43:35,5.9,1662403415
467,2022-09-05 20:43:40,5.9,1662403420
468,2022-09-05 20:43:45,5.9,1662403425
469,2022-09-05 20:43:50,5.9,1662403430
470,2022-09-05 20:43:55,5.9,1662403435
471,2022-09-05 20:44:00,5.9,1662403440
472,2022-09-05 20:44:05,5.9,1662403445
473,2022-09-05 20:44:10,5.9,1662403450
474,2022-09-05 20:44:15,5.5,1662403455
475,2022-09-05 20:44:20,5.5,1662403460
476,2022-09-05 20:44:25,5.5,1662403465
477,2022-09-05 20:44:30,5.5,1662403470
478,2022-09-05 20:44:35,5.3,1662403475
479,2022-09-05 20:44:40,5.3,1662403480
480,2022-09-05 20:44:45,5.3,1662403485
481,2022-09-05 20:44:50,5.3,1662403490
482,2022-09-05 20:44:55,20.8,1662403495
483,2022-09-05 20:45:00,20.8,1662403500
484,2022-09-05 20:45:05,20.8,1662403505
485,2022-09-05 20:45:10,20.8,1662403510
486,2022-09-05 20:45:15,35.4,1662403515
487,2022-09-05 20:45:20,35.4,1662403520
488,2022-09-05 20:45:25,35.4,1662403525
489,2022-09-05 20:45:30,35.4,1662403530
490,2022-09-05 20:45:35,35.9,1662403535
491,2022-09-05 20:45:40,35.9,1662403540
492,2022-09-05 20:45:45,35.9,1662403545
493,2022-09-05 20:45:50,35.9,1662403550
494,2022-09-05 20:45:55,36.7,1662403555
495,2022-09-05 20:46:00,36.7,1662403560
496,2022-09-05 20:46:05,36.7,1662403565
497,2022-09-05 20:46:10,36.7,1662403570
498,2022-09-05 20:46:15,36.1,1662403575
499,2022-09-05 20:46:20,36.1,1662403580
500,2022-09-05 20:46:25,36.1,1662403585
501,2022-09-05 20:46:30,36.1,1662403590
502,2022-09-05 20:46:35,37.7,1662403595
503,2022-09-05 20:46:40,37.7,1662403600
504,2022-09-05 20:46:45,37.7,1662403605
505,2022-09-05 20:46:50,37.7,1662403610
506,2022-09-05 20:46:55,37.8,1662403615
507,2022-09-05 20:47:00,37.8,1662403620
508,2022-09-05 20:47:05,37.8,1662403625
509,2022-09-05 20:47:10,37.8,1662403630
510,2022-09-05 20:47:15,52.9,1662403635
511,2022-09-05 20:47:20,52.9,1662403640
512,2022-09-05 20:47:25,52.8,1662403645
513,2022-09-05 20:47:30,52.8,1662403650
514,2022-09-05 20:47:35,50.5,1662403655
515,2022-09-05 20:47:40,50.5,1662403660
516,2022-09-05 20:47:45,50.5,1662403665
517,2022-09-05 20:47:50,50.5,1662403670
518,2022-09-05 20:47:55,44.0,1662403675
519,2022-09-05 20:48:00,44.0,1662403680
520,2022-09-05 20:48:05,44.0,1662403685
521,2022-09-05 20:48:10,44.0,1662403690
522,2022-09-05 20:48:15,44.9,1662403695
523,2022-09-05 20:48:20,44.9,1662403700
524,2022-09-05 20:48:25,44.9,1662403705
525,2022-09-05 20:48:30,44.9,1662403710
526,2022-09-05 20:48:35,43.5,1662403715
527,2022-09-05 20:48:40,43.5,1662403720
528,2022-09-05 20:48:45,43.5,1662403725
529,2022-09-05 20:48:50,43.5,1662403730
530,2022-09-05 20:48:55,43.1,1662403735
531,2022-09-05 20:49:00,43.1,1662403740
532,2022-09-05 20:49:05,43.1,1662403745
533,2022-09-05 20:49:10,43.1,1662403750
534,2022-09-05 20:49:15,18.4,1662403755
535,2022-09-05 20:49:20,18.4,1662403760
536,2022-09-05 20:49:25,19.7,1662403765
537,2022-09-05 20:49:30,19.7,1662403770
538,2022-09-05 20:49:35,18.2,1662403775
539,2022-09-05 20:49:40,18.2,1662403780
540,2022-09-05 20:49:45,18.2,1662403785
541,2022-09-05 20:49:50,18.2,1662403790
542,2022-09-05 20:49:55,47.8,1662403795
543,2022-09-05 20:50:00,47.8,1662403800
544,2022-09-05 20:50:05,47.8,1662403805
545,2022-09-05 20:50:10,47.8,1662403810
546,2022-09-05 20:50:15,43.9,1662403815
547,2022-09-05 20:50:20,43.9,1662403820
548,2022-09-05 20:50:25,43.9,1662403825
549,2022-09-05 20:50:30,43.9,1662403830
550,2022-09-05 20:50:35,44.4,1662403835
551,2022-09-05 20:50:40,44.4,1662403840
552,2022-09-05 20:50:45,44.4,1662403845
553,2022-09-05 20:50:50,44.4,1662403850
554,2022-09-05 20:50:55,40.6,1662403855
555,2022-09-05 20:51:00,40.6,1662403860
556,2022-09-05 20:51:05,40.6,1662403865
557,2022-09-05 20:51:10,40.6,1662403870
558,2022-09-05 20:51:15,42.1,1662403875
559,2022-09-05 20:51:20,42.1,1662403880
560,2022-09-05 20:51:25,42.1,1662403885
561,2022-09-05 20:51:30,42.1,1662403890
562,2022-09-05 20:51:35,6.1,1662403895
563,2022-09-05 20:51:40,6.1,1662403900
564,2022-09-05 20:51:45,6.1,1662403905
565,2022-09-05 20:51:50,6.1,1662403910
566,2022-09-05 20:51:55,5.7,1662403915
567,2022-09-05 20:52:00,5.7,1662403920
568,2022-09-05 20:52:05,5.7,1662403925
569,2022-09-05 20:52:10,5.7,1662403930
570,2022-09-05 20:52:15,5.4,1662403935
571,2022-09-05 20:52:20,5.4,1662403940
572,2022-09-05 20:52:25,5.4,1662403945
573,2022-09-05 20:52:30,5.4,1662403950
574,2022-09-05 20:52:35,5.3,1662403955
575,2022-09-05 20:52:40,5.3,1662403960
576,2022-09-05 20:52:45,5.3,1662403965
577,2022-09-05 20:52:50,5.3,1662403970
578,2022-09-05 20:52:55,38.7,1662403975
579,2022-09-05 20:53:00,38.7,1662403980
580,2022-09-05 20:53:05,38.7,1662403985
581,2022-09-05 20:53:10,38.7,1662403990
582,2022-09-05 20:53:15,38.7,1662403995
583,2022-09-05 20:53:20,38.7,1662404000
584,2022-09-05 20:53:25,38.7,1662404005
585,2022-09-05 20:53:30,38.7,1662404010
586,2022-09-05 20:53:35,39.0,1662404015
587,2022-09-05 20:53:40,39.0,1662404020
588,2022-09-05 20:53:45,39.0,1662404025
589,2022-09-05 20:53:50,39.0,1662404030
590,2022-09-05 20:53:55,39.0,1662404035
591,2022-09-05 20:54:00,39.0,1662404040
592,2022-09-05 20:54:05,39.0,1662404045
593,2022-09-05 20:54:10,39.0,1662404050
594,2022-09-05 20:54:15,39.7,1662404055
595,2022-09-05 20:54:20,39.7,1662404060
596,2022-09-05 20:54:25,39.7,1662404065
597,2022-09-05 20:54:30,39.7,1662404070
598,2022-09-05 20:54:35,43.9,1662404075
599,2022-09-05 20:54:40,43.9,1662404080
600,2022-09-05 20:54:45,43.9,1662404085
601,2022-09-05 20:54:50,43.9,1662404090
602,2022-09-05 20:54:55,40.8,1662404095
603,2022-09-05 20:55:00,40.8,1662404100
604,2022-09-05 20:55:05,40.8,1662404105
605,2022-09-05 20:55:10,40.8,1662404110
606,2022-09-05 20:55:15,55.2,1662404115
607,2022-09-05 20:55:20,55.2,1662404120
608,2022-09-05 20:55:25,55.2,1662404125
609,2022-09-05 20:55:30,55.2,1662404130
610,2022-09-05 20:55:35,53.3,1662404135
611,2022-09-05 20:55:40,53.3,1662404140
612,2022-09-05 20:55:45,53.3,1662404145
613,2022-09-05 20:55:50,53.3,1662404150
614,2022-09-05 20:55:55,46.2,1662404155
615,2022-09-05 20:56:00,46.2,1662404160
616,2022-09-05 20:56:05,46.2,1662404165
617,2022-09-05 20:56:10,46.2,1662404170
618,2022-09-05 20:56:15,45.0,1662404175
619,2022-09-05 20:56:20,45.0,1662404180
620,2022-09-05 20:56:25,45.0,1662404185
621,2022-09-05 20:56:30,45.0,1662404190
622,2022-09-05 20:56:35,45.2,1662404195
623,2022-09-05 20:56:40,45.2,1662404200
624,2022-09-05 20:56:45,45.2,1662404205
625,2022-09-05 20:56:50,45.2,1662404210
626,2022-09-05 20:56:55,44.9,1662404215
627,2022-09-05 20:57:00,44.9,1662404220
628,2022-09-05 20:57:05,44.9,1662404225
629,2022-09-05 20:57:10,44.9,1662404230
630,2022-09-05 20:57:15,23.2,1662404235
631,2022-09-05 20:57:20,23.2,1662404240
632,2022-09-05 20:57:25,23.2,1662404245
633,2022-09-05 20:57:30,23.2,1662404250
634,2022-09-05 20:57:35,23.3,1662404255
635,2022-09-05 20:57:40,23.3,1662404260
636,2022-09-05 20:57:45,23.3,1662404265
637,2022-09-05 20:57:50,23.3,1662404270
638,2022-09-05 20:57:55,50.5,1662404275
639,2022-09-05 20:58:00,50.5,1662404280
640,2022-09-05 20:58:05,50.5,1662404285
641,2022-09-05 20:58:10,50.5,1662404290
642,2022-09-05 20:58:15,47.6,1662404295
643,2022-09-05 20:58:20,47.6,1662404300
644,2022-09-05 20:58:25,47.6,1662404305
645,2022-09-05 20:58:30,47.6,1662404310
646,2022-09-05 20:58:35,44.7,1662404315
647,2022-09-05 20:58:40,44.7,1662404320
648,2022-09-05 20:58:45,44.7,1662404325
649,2022-09-05 20:58:50,44.7,1662404330
650,2022-09-05 20:58:55,44.0,1662404335
651,2022-09-05 20:59:00,44.0,1662404340
652,2022-09-05 20:59:05,44.0,1662404345
653,2022-09-05 20:59:10,44.0,1662404350
654,2022-09-05 20:59:15,9.6,1662404355
655,2022-09-05 20:59:20,9.6,1662404360
656,2022-09-05 20:59:25,9.6,1662404365
657,2022-09-05 20:59:30,9.6,1662404370
658,2022-09-05 20:59:35,9.1,1662404375
659,2022-09-05 20:59:40,9.1,1662404380
660,2022-09-05 20:59:45,9.1,1662404385
661,2022-09-05 20:59:50,9.1,1662404390
662,2022-09-05 20:59:55,8.8,1662404395
663,2022-09-05 21:00:00,8.8,1662404400
664,2022-09-05 21:00:05,8.8,1662404405
665,2022-09-05 21:00:10,8.8,1662404410
666,2022-09-05 21:00:15,5.3,1662404415
667,2022-09-05 21:00:20,5.3,1662404420
668,2022-09-05 21:00:25,5.3,1662404425
669,2022-09-05 21:00:30,5.3,1662404430
670,2022-09-05 21:00:35,5.3,1662404435
671,2022-09-05 21:00:40,5.3,1662404440
672,2022-09-05 21:00:45,5.7,1662404445
673,2022-09-05 21:00:50,5.7,1662404450
674,2022-09-05 21:00:55,41.4,1662404455
675,2022-09-05 21:01:00,41.4,1662404460
676,2022-09-05 21:01:05,41.4,1662404465
677,2022-09-05 21:01:10,41.4,1662404470
678,2022-09-05 21:01:15,42.7,1662404475
679,2022-09-05 21:01:20,42.7,1662404480
680,2022-09-05 21:01:25,42.7,1662404485
681,2022-09-05 21:01:30,42.7,1662404490
682,2022-09-05 21:01:35,43.1,1662404495
683,2022-09-05 21:01:40,43.1,1662404500
684,2022-09-05 21:01:45,43.1,1662404505
685,2022-09-05 21:01:50,43.1,1662404510
686,2022-09-05 21:01:55,43.6,1662404515
687,2022-09-05 21:02:00,43.6,1662404520
688,2022-09-05 21:02:05,43.6,1662404525
689,2022-09-05 21:02:10,43.6,1662404530
690,2022-09-05 21:02:15,41.6,1662404535
691,2022-09-05 21:02:20,41.6,1662404540
692,2022-09-05 21:02:25,41.6,1662404545
693,2022-09-05 21:02:30,41.6,1662404550
694,2022-09-05 21:02:35,41.3,1662404555
695,2022-09-05 21:02:40,41.3,1662404560
696,2022-09-05 21:02:45,41.3,1662404565
697,2022-09-05 21:02:50,41.3,1662404570
698,2022-09-05 21:02:55,57.9,1662404575
699,2022-09-05 21:03:00,57.9,1662404580
700,2022-09-05 21:03:05,57.9,1662404585
701,2022-09-05 21:03:10,57.9,1662404590
702,2022-09-05 21:03:15,55.7,1662404595
703,2022-09-05 21:03:20,55.7,1662404600
704,2022-09-05 21:03:25,55.7,1662404605
705,2022-09-05 21:03:30,55.7,1662404610
706,2022-09-05 21:03:35,44.7,1662404615
707,2022-09-05 21:03:40,44.7,1662404620
708,2022-09-05 21:03:45,44.7,1662404625
709,2022-09-05 21:03:50,44.7,1662404630
710,2022-09-05 21:03:55,45.8,1662404635
711,2022-09-05 21:04:00,45.8,1662404640
712,2022-09-05 21:04:05,45.8,1662404645
713,2022-09-05 21:04:10,45.8,1662404650
714,2022-09-05 21:04:15,47.5,1662404655
715,2022-09-05 21:04:20,47.5,1662404660
716,2022-09-05 21:04:25,47.5,1662404665
717,2022-09-05 21:04:30,47.5,1662404670
718,2022-09-05 21:04:35,40.8,1662404675
719,2022-09-05 21:04:40,40.8,1662404680
720,2022-09-05 21:04:45,40.8,1662404685
721,2022-09-05 21:04:50,40.8,1662404690
722,2022-09-05 21:04:55,46.8,1662404695
723,2022-09-05 21:05:00,46.8,1662404700
724,2022-09-05 21:05:05,18.9,1662404705
725,2022-09-05 21:05:10,18.9,1662404710
726,2022-09-05 21:05:15,6.6,1662404715
727,2022-09-05 21:05:20,6.6,1662404720
728,2022-09-05 21:05:25,6.6,1662404725
729,2022-09-05 21:05:30,6.6,1662404730
730,2022-09-05 21:05:35,21.9,1662404735
731,2022-09-05 21:05:40,21.9,1662404740
732,2022-09-05 21:05:45,21.9,1662404745
733,2022-09-05 21:05:50,21.9,1662404750
734,2022-09-05 21:05:55,49.9,1662404755
735,2022-09-05 21:06:00,49.9,1662404760
736,2022-09-05 21:06:05,49.9,1662404765
737,2022-09-05 21:06:10,49.9,1662404770
738,2022-09-05 21:06:15,47.1,1662404775
739,2022-09-05 21:06:20,47.1,1662404780
740,2022-09-05 21:06:25,47.1,1662404785
741,2022-09-05 21:06:30,47.1,1662404790
742,2022-09-05 21:06:35,47.4,1662404795
743,2022-09-05 21:06:40,47.4,1662404800
744,2022-09-05 21:06:45,47.4,1662404805
745,2022-09-05 21:06:50,47.4,1662404810
746,2022-09-05 21:06:55,47.2,1662404815
747,2022-09-05 21:07:00,47.2,1662404820
748,2022-09-05 21:07:05,47.2,1662404825
749,2022-09-05 21:07:10,47.2,1662404830
750,2022-09-05 21:07:15,6.3,1662404835
751,2022-09-05 21:07:20,6.3,1662404840
752,2022-09-05 21:07:25,6.3,1662404845
753,2022-09-05 21:07:30,6.3,1662404850
754,2022-09-05 21:07:35,6.0,1662404855
755,2022-09-05 21:07:40,6.0,1662404860
756,2022-09-05 21:07:45,6.0,1662404865
757,2022-09-05 21:07:50,6.0,1662404870
758,2022-09-05 21:07:55,5.5,1662404875
759,2022-09-05 21:08:00,5.5,1662404880
760,2022-09-05 21:08:05,5.5,1662404885
761,2022-09-05 21:08:10,5.5,1662404890
762,2022-09-05 21:08:15,5.7,1662404895
763,2022-09-05 21:08:20,5.7,1662404900
764,2022-09-05 21:08:25,5.7,1662404905
765,2022-09-05 21:08:30,5.7,1662404910
766,2022-09-05 21:08:35,20.9,1662404915
767,2022-09-05 21:08:40,20.9,1662404920
768,2022-09-05 21:08:45,20.9,1662404925
769,2022-09-05 21:08:50,20.9,1662404930
770,2022-09-05 21:08:55,42.6,1662404935
771,2022-09-05 21:09:00,42.6,1662404940
772,2022-09-05 21:09:05,42.6,1662404945
773,2022-09-05 21:09:10,42.6,1662404950
774,2022-09-05 21:09:15,40.4,1662404955
775,2022-09-05 21:09:20,40.4,1662404960
776,2022-09-05 21:09:25,40.4,1662404965
777,2022-09-05 21:09:30,40.4,1662404970
778,2022-09-05 21:09:35,43.0,1662404975
779,2022-09-05 21:09:40,43.0,1662404980
780,2022-09-05 21:09:45,43.4,1662404985
781,2022-09-05 21:09:50,43.4,1662404990
782,2022-09-05 21:09:55,42.6,1662404995
783,2022-09-05 21:10:00,42.6,1662405000
784,2022-09-05 21:10:05,42.6,1662405005
785,2022-09-05 21:10:10,42.6,1662405010
786,2022-09-05 21:10:15,41.3,1662405015
787,2022-09-05 21:10:20,41.3,1662405020
788,2022-09-05 21:10:25,41.3,1662405025
789,2022-09-05 21:10:30,41.3,1662405030
790,2022-09-05 21:10:35,41.4,1662405035
791,2022-09-05 21:10:40,41.4,1662405040
792,2022-09-05 21:10:45,41.4,1662405045
793,2022-09-05 21:10:50,41.4,1662405050
794,2022-09-05 21:10:55,41.3,1662405055
795,2022-09-05 21:11:00,41.3,1662405060
796,2022-09-05 21:11:05,41.3,1662405065
797,2022-09-05 21:11:10,41.3,1662405070
798,2022-09-05 21:11:15,41.5,1662405075
799,2022-09-05 21:11:20,41.5,1662405080
800,2022-09-05 21:11:25,41.5,1662405085
801,2022-09-05 21:11:30,41.5,1662405090
802,2022-09-05 21:11:35,57.1,1662405095
803,2022-09-05 21:11:40,57.1,1662405100
804,2022-09-05 21:11:45,57.1,1662405105
805,2022-09-05 21:11:50,57.1,1662405110
806,2022-09-05 21:11:55,51.9,1662405115
807,2022-09-05 21:12:00,51.9,1662405120
808,2022-09-05 21:12:05,51.8,1662405125
809,2022-09-05 21:12:10,51.8,1662405130
810,2022-09-05 21:12:15,41.2,1662405135
811,2022-09-05 21:12:20,41.2,1662405140
812,2022-09-05 21:12:25,41.2,1662405145
813,2022-09-05 21:12:30,41.2,1662405150
814,2022-09-05 21:12:35,40.3,1662405155
815,2022-09-05 21:12:40,40.3,1662405160
816,2022-09-05 21:12:45,40.3,1662405165
817,2022-09-05 21:12:50,40.3,1662405170
818,2022-09-05 21:12:55,47.1,1662405175
819,2022-09-05 21:13:00,47.1,1662405180
820,2022-09-05 21:13:05,47.1,1662405185
821,2022-09-05 21:13:10,47.1,1662405190
822,2022-09-05 21:13:15,48.2,1662405195
823,2022-09-05 21:13:20,48.2,1662405200
824,2022-09-05 21:13:25,48.2,1662405205
825,2022-09-05 21:13:30,48.2,1662405210
826,2022-09-05 21:13:35,18.5,1662405215
827,2022-09-05 21:13:40,18.5,1662405220
828,2022-09-05 21:13:45,18.6,1662405225
829,2022-09-05 21:13:50,18.6,1662405230
830,2022-09-05 21:13:55,18.2,1662405235
831,2022-09-05 21:14:00,18.2,1662405240
832,2022-09-05 21:14:05,18.2,1662405245
833,2022-09-05 21:14:10,18.2,1662405250
834,2022-09-05 21:14:15,48.3,1662405255
835,2022-09-05 21:14:20,48.3,1662405260
836,2022-09-05 21:14:25,48.3,1662405265
837,2022-09-05 21:14:30,48.3,1662405270
838,2022-09-05 21:14:35,46.2,1662405275
839,2022-09-05 21:14:40,46.2,1662405280
840,2022-09-05 21:14:45,46.2,1662405285
841,2022-09-05 21:14:50,46.2,1662405290
842,2022-09-05 21:14:55,48.8,1662405295
843,2022-09-05 21:15:00,48.8,1662405300
844,2022-09-05 21:15:05,48.8,1662405305
845,2022-09-05 21:15:10,48.8,1662405310
846,2022-09-05 21:15:15,46.3,1662405315
847,2022-09-05 21:15:20,46.3,1662405320
848,2022-09-05 21:15:25,46.3,1662405325
849,2022-09-05 21:15:30,46.3,1662405330
850,2022-09-05 21:15:35,46.0,1662405335
851,2022-09-05 21:15:40,46.0,1662405340
852,2022-09-05 21:15:45,46.0,1662405345
853,2022-09-05 21:15:50,46.0,1662405350
854,2022-09-05 21:15:55,6.1,1662405355
855,2022-09-05 21:16:00,6.1,1662405360
856,2022-09-05 21:16:05,6.1,1662405365
857,2022-09-05 21:16:10,6.1,1662405370
858,2022-09-05 21:16:15,9.1,1662405375
859,2022-09-05 21:16:20,9.1,1662405380
860,2022-09-05 21:16:25,9.1,1662405385
861,2022-09-05 21:16:30,9.1,1662405390
862,2022-09-05 21:16:35,8.5,1662405395
863,2022-09-05 21:16:40,8.5,1662405400
864,2022-09-05 21:16:45,8.5,1662405405
865,2022-09-05 21:16:50,8.5,1662405410
866,2022-09-05 21:16:55,8.5,1662405415
867,2022-09-05 21:17:00,8.5,1662405420
868,2022-09-05 21:17:05,8.5,1662405425
869,2022-09-05 21:17:10,8.5,1662405430
870,2022-09-05 21:17:15,44.2,1662405435
871,2022-09-05 21:17:20,44.2,1662405440
872,2022-09-05 21:17:25,44.2,1662405445
873,2022-09-05 21:17:30,44.2,1662405450
874,2022-09-05 21:17:35,43.8,1662405455
875,2022-09-05 21:17:40,43.8,1662405460
876,2022-09-05 21:17:45,43.8,1662405465
877,2022-09-05 21:17:50,43.8,1662405470
878,2022-09-05 21:17:55,41.7,1662405475
879,2022-09-05 21:18:00,41.7,1662405480
880,2022-09-05 21:18:05,41.7,1662405485
881,2022-09-05 21:18:10,41.7,1662405490
882,2022-09-05 21:18:15,40.9,1662405495
883,2022-09-05 21:18:20,40.9,1662405500
884,2022-09-05 21:18:25,40.9,1662405505
885,2022-09-05 21:18:30,40.9,1662405510
886,2022-09-05 21:18:35,42.9,1662405515
887,2022-09-05 21:18:40,42.9,1662405520
888,2022-09-05 21:18:45,42.9,1662405525
889,2022-09-05 21:18:50,42.9,1662405530
890,2022-09-05 21:18:55,41.2,1662405535
891,2022-09-05 21:19:00,41.2,1662405540
892,2022-09-05 21:19:05,41.2,1662405545
893,2022-09-05 21:19:10,41.2,1662405550
894,2022-09-05 21:19:15,41.5,1662405555
895,2022-09-05 21:19:20,41.5,1662405560
896,2022-09-05 21:19:25,41.5,1662405565
897,2022-09-05 21:19:30,41.5,1662405570
898,2022-09-05 21:19:35,41.2,1662405575
899,2022-09-05 21:19:40,41.2,1662405580
900,2022-09-05 21:19:45,41.2,1662405585
901,2022-09-05 21:19:50,41.2,1662405590
902,2022-09-05 21:19:55,41.5,1662405595
903,2022-09-05 21:20:00,41.5,1662405600
904,2022-09-05 21:20:05,41.5,1662405605
905,2022-09-05 21:20:10,41.5,1662405610
906,2022-09-05 21:20:15,56.7,1662405615
907,2022-09-05 21:20:20,56.7,1662405620
908,2022-09-05 21:20:25,56.7,1662405625
909,2022-09-05 21:20:30,56.7,1662405630
910,2022-09-05 21:20:35,52.8,1662405635
911,2022-09-05 21:20:40,52.8,1662405640
912,2022-09-05 21:20:45,52.8,1662405645
913,2022-09-05 21:20:50,52.8,1662405650
914,2022-09-05 21:20:55,41.0,1662405655
915,2022-09-05 21:21:00,41.0,1662405660
916,2022-09-05 21:21:05,41.0,1662405665
917,2022-09-05 21:21:10,41.0,1662405670
918,2022-09-05 21:21:15,42.2,1662405675
919,2022-09-05 21:21:20,42.2,1662405680
920,2022-09-05 21:21:25,42.2,1662405685
921,2022-09-05 21:21:30,42.2,1662405690
922,2022-09-05 21:21:35,47.2,1662405695
923,2022-09-05 21:21:40,47.2,1662405700
924,2022-09-05 21:21:45,47.2,1662405705
925,2022-09-05 21:21:50,47.2,1662405710
926,2022-09-05 21:21:55,49.2,1662405715
927,2022-09-05 21:22:00,49.2,1662405720
928,2022-09-05 21:22:05,49.2,1662405725
929,2022-09-05 21:22:10,49.2,1662405730
930,2022-09-05 21:22:15,22.6,1662405735
931,2022-09-05 21:22:20,22.6,1662405740
932,2022-09-05 21:22:25,22.6,1662405745
933,2022-09-05 21:22:30,22.6,1662405750
934,2022-09-05 21:22:35,18.3,1662405755
935,2022-09-05 21:22:40,18.3,1662405760
936,2022-09-05 21:22:45,18.3,1662405765
937,2022-09-05 21:22:50,18.3,1662405770
938,2022-09-05 21:22:55,51.2,1662405775
939,2022-09-05 21:23:00,51.2,1662405780
940,2022-09-05 21:23:05,51.2,1662405785
941,2022-09-05 21:23:10,51.2,1662405790
942,2022-09-05 21:23:15,47.1,1662405795
943,2022-09-05 21:23:20,47.1,1662405800
944,2022-09-05 21:23:25,47.1,1662405805
945,2022-09-05 21:23:30,47.1,1662405810
946,2022-09-05 21:23:35,49.2,1662405815
947,2022-09-05 21:23:40,49.2,1662405820
948,2022-09-05 21:23:45,49.2,1662405825
949,2022-09-05 21:23:50,49.2,1662405830
950,2022-09-05 21:23:55,45.0,1662405835
951,2022-09-05 21:24:00,45.0,1662405840
952,2022-09-05 21:24:05,45.0,1662405845
953,2022-09-05 21:24:10,45.0,1662405850
954,2022-09-05 21:24:15,46.2,1662405855
955,2022-09-05 21:24:20,46.2,1662405860
956,2022-09-05 21:24:25,46.2,1662405865
957,2022-09-05 21:24:30,46.2,1662405870
958,2022-09-05 21:24:35,6.1,1662405875
959,2022-09-05 21:24:40,6.1,1662405880
960,2022-09-05 21:24:45,6.1,1662405885
961,2022-09-05 21:24:50,6.1,1662405890
962,2022-09-05 21:24:55,5.8,1662405895
963,2022-09-05 21:25:00,5.8,1662405900
964,2022-09-05 21:25:05,5.8,1662405905
965,2022-09-05 21:25:10,5.8,1662405910
966,2022-09-05 21:25:15,5.6,1662405915
967,2022-09-05 21:25:20,5.6,1662405920
968,2022-09-05 21:25:25,5.6,1662405925
969,2022-09-05 21:25:30,5.6,1662405930
970,2022-09-05 21:25:35,5.4,1662405935
971,2022-09-05 21:25:40,5.4,1662405940
972,2022-09-05 21:25:45,5.4,1662405945
973,2022-09-05 21:25:50,5.4,1662405950
974,2022-09-05 21:25:55,44.9,1662405955
975,2022-09-05 21:26:00,44.9,1662405960
976,2022-09-05 21:26:05,44.9,1662405965
977,2022-09-05 21:26:10,44.9,1662405970
978,2022-09-05 21:26:15,42.8,1662405975
979,2022-09-05 21:26:20,42.8,1662405980
980,2022-09-05 21:26:25,42.8,1662405985
981,2022-09-05 21:26:30,42.8,1662405990
982,2022-09-05 21:26:35,45.7,1662405995
983,2022-09-05 21:26:40,45.7,1662406000
984,2022-09-05 21:26:45,45.2,1662406005
985,2022-09-05 21:26:50,45.2,1662406010
986,2022-09-05 21:26:55,44.7,1662406015
987,2022-09-05 21:27:00,44.7,1662406020
988,2022-09-05 21:27:05,44.7,1662406025
989,2022-09-05 21:27:10,44.7,1662406030
990,2022-09-05 21:27:15,41.3,1662406035
991,2022-09-05 21:27:20,41.3,1662406040
992,2022-09-05 21:27:25,41.4,1662406045
993,2022-09-05 21:27:30,41.4,1662406050
994,2022-09-05 21:27:35,41.2,1662406055
995,2022-09-05 21:27:40,41.2,1662406060
996,2022-09-05 21:27:45,41.2,1662406065
997,2022-09-05 21:27:50,41.2,1662406070
998,2022-09-05 21:27:55,42.6,1662406075
999,2022-09-05 21:28:00,42.6,1662406080
1000,2022-09-05 21:28:05,42.6,1662406085
1001,2022-09-05 21:28:10,42.6,1662406090
1002,2022-09-05 21:28:15,41.2,1662406095
1003,2022-09-05 21:28:20,41.2,1662406100
1004,2022-09-05 21:28:25,41.2,1662406105
1005,2022-09-05 21:28:30,41.2,1662406110
1006,2022-09-05 21:28:35,41.6,1662406115
1007,2022-09-05 21:28:40,41.6,1662406120
1008,2022-09-05 21:28:45,41.6,1662406125
1009,2022-09-05 21:28:50,41.6,1662406130
1010,2022-09-05 21:28:55,55.2,1662406135
1011,2022-09-05 21:29:00,55.2,1662406140
1012,2022-09-05 21:29:05,55.2,1662406145
1013,2022-09-05 21:29:10,55.2,1662406150
1014,2022-09-05 21:29:15,56.4,1662406155
1015,2022-09-05 21:29:20,56.4,1662406160
1016,2022-09-05 21:29:25,56.4,1662406165
1017,2022-09-05 21:29:30,56.4,1662406170
1018,2022-09-05 21:29:35,47.1,1662406175
1019,2022-09-05 21:29:40,47.1,1662406180
1020,2022-09-05 21:29:45,47.1,1662406185
1021,2022-09-05 21:29:50,47.1,1662406190
1022,2022-09-05 21:29:55,44.4,1662406195
1023,2022-09-05 21:30:00,44.4,1662406200
1024,2022-09-05 21:30:05,44.4,1662406205
1025,2022-09-05 21:30:10,44.4,1662406210
1026,2022-09-05 21:30:15,49.4,1662406215
1027,2022-09-05 21:30:20,49.4,1662406220
1028,2022-09-05 21:30:25,49.4,1662406225
1029,2022-09-05 21:30:30,49.4,1662406230
1030,2022-09-05 21:30:35,47.5,1662406235
1031,2022-09-05 21:30:40,47.5,1662406240
1032,2022-09-05 21:30:45,47.5,1662406245
1033,2022-09-05 21:30:50,47.5,1662406250
1034,2022-09-05 21:30:55,22.4,1662406255
1035,2022-09-05 21:31:00,22.4,1662406260
1036,2022-09-05 21:31:05,22.4,1662406265
1037,2022-09-05 21:31:10,22.4,1662406270
1038,2022-09-05 21:31:15,22.3,1662406275
1039,2022-09-05 21:31:20,22.3,1662406280
1040,2022-09-05 21:31:25,22.3,1662406285
1041,2022-09-05 21:31:30,22.3,1662406290
1042,2022-09-05 21:31:35,49.7,1662406295
1043,2022-09-05 21:31:40,49.7,1662406300
1044,2022-09-05 21:31:45,49.7,1662406305
1045,2022-09-05 21:31:50,49.7,1662406310
1046,2022-09-05 21:31:55,48.3,1662406315
1047,2022-09-05 21:32:00,48.3,1662406320
1048,2022-09-05 21:32:05,48.3,1662406325
1049,2022-09-05 21:32:10,48.3,1662406330
1050,2022-09-05 21:32:15,46.8,1662406335
1051,2022-09-05 21:32:20,46.8,1662406340
1052,2022-09-05 21:32:25,46.8,1662406345
1053,2022-09-05 21:32:30,46.8,1662406350
1054,2022-09-05 21:32:35,44.0,1662406355
1055,2022-09-05 21:32:40,44.0,1662406360
1056,2022-09-05 21:32:45,44.0,1662406365
1057,2022-09-05 21:32:50,44.0,1662406370
1058,2022-09-05 21:32:55,46.8,1662406375
1059,2022-09-05 21:33:00,46.8,1662406380
1060,2022-09-05 21:33:05,46.8,1662406385
1061,2022-09-05 21:33:10,46.8,1662406390
1062,2022-09-05 21:33:15,9.2,1662406395
1063,2022-09-05 21:33:20,9.2,1662406400
1064,2022-09-05 21:33:25,9.2,1662406405
1065,2022-09-05 21:33:30,9.2,1662406410
1066,2022-09-05 21:33:35,9.2,1662406415
1067,2022-09-05 21:33:40,9.2,1662406420
1068,2022-09-05 21:33:45,9.2,1662406425
1069,2022-09-05 21:33:50,9.2,1662406430
1070,2022-09-05 21:33:55,8.7,1662406435
1071,2022-09-05 21:34:00,8.7,1662406440
1072,2022-09-05 21:34:05,8.7,1662406445
1073,2022-09-05 21:34:10,8.7,1662406450
1074,2022-09-05 21:34:15,5.9,1662406455
1075,2022-09-05 21:34:20,5.9,1662406460
1076,2022-09-05 21:34:25,5.9,1662406465
1077,2022-09-05 21:34:30,5.9,1662406470
1078,2022-09-05 21:34:35,46.3,1662406475
1079,2022-09-05 21:34:40,46.3,1662406480
1080,2022-09-05 21:34:45,46.3,1662406485
1081,2022-09-05 21:34:50,46.3,1662406490
1082,2022-09-05 21:34:55,44.0,1662406495
1083,2022-09-05 21:35:00,44.0,1662406500
1084,2022-09-05 21:35:05,44.0,1662406505
1085,2022-09-05 21:35:10,44.0,1662406510
1086,2022-09-05 21:35:15,45.2,1662406515
1087,2022-09-05 21:35:20,45.2,1662406520
1088,2022-09-05 21:35:25,45.2,1662406525
1089,2022-09-05 21:35:30,45.2,1662406530
1090,2022-09-05 21:35:35,44.7,1662406535
1091,2022-09-05 21:35:40,44.7,1662406540
1092,2022-09-05 21:35:45,44.7,1662406545
1093,2022-09-05 21:35:50,44.7,1662406550
1094,2022-09-05 21:35:55,42.4,1662406555
1095,2022-09-05 21:36:00,42.4,1662406560
1096,2022-09-05 21:36:05,42.4,1662406565
1097,2022-09-05 21:36:10,42.4,1662406570
1098,2022-09-05 21:36:15,41.4,1662406575
1099,2022-09-05 21:36:20,41.4,1662406580
1100,2022-09-05 21:36:25,41.4,1662406585
1101,2022-09-05 21:36:30,41.4,1662406590
1102,2022-09-05 21:36:35,41.0,1662406595
1103,2022-09-05 21:36:40,41.0,1662406600
1104,2022-09-05 21:36:45,41.0,1662406605
1105,2022-09-05 21:36:50,41.0,1662406610
1106,2022-09-05 21:36:55,41.7,1662406615
1107,2022-09-05 21:37:00,41.7,1662406620
1108,2022-09-05 21:37:05,41.7,1662406625
1109,2022-09-05 21:37:10,41.7,1662406630
1110,2022-09-05 21:37:15,43.4,1662406635
1111,2022-09-05 21:37:20,43.4,1662406640
1112,2022-09-05 21:37:25,43.4,1662406645
1113,2022-09-05 21:37:30,43.4,1662406650
1114,2022-09-05 21:37:35,55.0,1662406655
1115,2022-09-05 21:37:40,55.0,1662406660
1116,2022-09-05 21:37:45,55.0,1662406665
1117,2022-09-05 21:37:50,55.0,1662406670
1118,2022-09-05 21:37:55,53.4,1662406675
1119,2022-09-05 21:38:00,53.4,1662406680
1120,2022-09-05 21:38:05,53.4,1662406685
1121,2022-09-05 21:38:10,53.4,1662406690
1122,2022-09-05 21:38:15,50.1,1662406695
1123,2022-09-05 21:38:20,50.1,1662406700
1124,2022-09-05 21:38:25,50.1,1662406705
1125,2022-09-05 21:38:30,50.1,1662406710
1126,2022-09-05 21:38:35,50.2,1662406715
1127,2022-09-05 21:38:40,50.2,1662406720
1128,2022-09-05 21:38:45,50.2,1662406725
1129,2022-09-05 21:38:50,50.2,1662406730
1130,2022-09-05 21:38:55,47.5,1662406735
1131,2022-09-05 21:39:00,47.5,1662406740
1132,2022-09-05 21:39:05,47.5,1662406745
1133,2022-09-05 21:39:10,47.5,1662406750
1134,2022-09-05 21:39:15,46.9,1662406755
1135,2022-09-05 21:39:20,46.9,1662406760
1136,2022-09-05 21:39:25,46.9,1662406765
1137,2022-09-05 21:39:30,46.9,1662406770
1138,2022-09-05 21:39:35,21.6,1662406775
1139,2022-09-05 21:39:40,21.6,1662406780
1140,2022-09-05 21:39:45,21.6,1662406785
1141,2022-09-05 21:39:50,21.6,1662406790
1142,2022-09-05 21:39:55,22.2,1662406795
1143,2022-09-05 21:40:00,22.2,1662406800
1144,2022-09-05 21:40:05,22.1,1662406805
1145,2022-09-05 21:40:10,22.1,1662406810
1146,2022-09-05 21:40:15,49.6,1662406815
1147,2022-09-05 21:40:20,49.6,1662406820
1148,2022-09-05 21:40:25,49.6,1662406825
1149,2022-09-05 21:40:30,49.6,1662406830
1150,2022-09-05 21:40:35,49.3,1662406835
1151,2022-09-05 21:40:40,49.3,1662406840
1152,2022-09-05 21:40:45,49.3,1662406845
1153,2022-09-05 21:40:50,49.3,1662406850
1154,2022-09-05 21:40:55,47.3,1662406855
1155,2022-09-05 21:41:00,47.3,1662406860
1156,2022-09-05 21:41:05,47.3,1662406865
1157,2022-09-05 21:41:10,47.3,1662406870
1158,2022-09-05 21:41:15,44.6,1662406875
1159,2022-09-05 21:41:20,44.6,1662406880
1160,2022-09-05 21:41:25,44.6,1662406885
1161,2022-09-05 21:41:30,44.6,1662406890
1162,2022-09-05 21:41:35,6.5,1662406895
1163,2022-09-05 21:41:40,6.5,1662406900
1164,2022-09-05 21:41:45,6.5,1662406905
1165,2022-09-05 21:41:50,6.5,1662406910
1166,2022-09-05 21:41:55,6.1,1662406915
1167,2022-09-05 21:42:00,6.1,1662406920
1168,2022-09-05 21:42:05,6.1,1662406925
1169,2022-09-05 21:42:10,6.1,1662406930
1170,2022-09-05 21:42:15,8.9,1662406935
1171,2022-09-05 21:42:20,8.9,1662406940
1172,2022-09-05 21:42:25,8.9,1662406945
1173,2022-09-05 21:42:30,8.9,1662406950
1174,2022-09-05 21:42:35,8.6,1662406955
1175,2022-09-05 21:42:40,8.6,1662406960
1176,2022-09-05 21:42:45,8.6,1662406965
1177,2022-09-05 21:42:50,8.6,1662406970
1178,2022-09-05 21:42:55,8.3,1662406975
1179,2022-09-05 21:43:00,8.3,1662406980
1180,2022-09-05 21:43:05,8.3,1662406985
1181,2022-09-05 21:43:10,8.3,1662406990
1182,2022-09-05 21:43:15,46.4,1662406995
1183,2022-09-05 21:43:20,46.4,1662407000
1184,2022-09-05 21:43:25,46.4,1662407005
1185,2022-09-05 21:43:30,46.4,1662407010
1186,2022-09-05 21:43:35,41.7,1662407015
1187,2022-09-05 21:43:40,41.7,1662407020
1188,2022-09-05 21:43:45,41.7,1662407025
1189,2022-09-05 21:43:50,41.7,1662407030
1190,2022-09-05 21:43:55,44.0,1662407035
1191,2022-09-05 21:44:00,44.0,1662407040
1192,2022-09-05 21:44:05,44.1,1662407045
1193,2022-09-05 21:44:10,44.1,1662407050
1194,2022-09-05 21:44:15,44.8,1662407055
1195,2022-09-05 21:44:20,44.8,1662407060
1196,2022-09-05 21:44:25,44.8,1662407065
1197,2022-09-05 21:44:30,44.8,1662407070
1198,2022-09-05 21:44:35,41.1,1662407075
1199,2022-09-05 21:44:40,41.1,1662407080
1200,2022-09-05 21:44:45,41.1,1662407085
1201,2022-09-05 21:44:50,41.1,1662407090
1202,2022-09-05 21:44:55,41.5,1662407095
1203,2022-09-05 21:45:00,41.5,1662407100
1204,2022-09-05 21:45:05,41.5,1662407105
1205,2022-09-05 21:45:10,41.5,1662407110
1206,2022-09-05 21:45:15,40.9,1662407115
1207,2022-09-05 21:45:20,40.9,1662407120
1208,2022-09-05 21:45:25,40.9,1662407125
1209,2022-09-05 21:45:30,40.9,1662407130
1210,2022-09-05 21:45:35,42.1,1662407135
1211,2022-09-05 21:45:40,42.1,1662407140
1212,2022-09-05 21:45:45,42.1,1662407145
1213,2022-09-05 21:45:50,42.1,1662407150
1214,2022-09-05 21:45:55,60.3,1662407155
1215,2022-09-05 21:46:00,60.3,1662407160
1216,2022-09-05 21:46:05,60.3,1662407165
1217,2022-09-05 21:46:10,60.3,1662407170
1218,2022-09-05 21:46:15,54.9,1662407175
1219,2022-09-05 21:46:20,54.9,1662407180
1220,2022-09-05 21:46:25,54.9,1662407185
1221,2022-09-05 21:46:30,54.9,1662407190
1222,2022-09-05 21:46:35,42.4,1662407195
1223,2022-09-05 21:46:40,42.4,1662407200
1224,2022-09-05 21:46:45,42.4,1662407205
1225,2022-09-05 21:46:50,42.4,1662407210
1226,2022-09-05 21:46:55,46.7,1662407215
1227,2022-09-05 21:47:00,46.7,1662407220
1228,2022-09-05 21:47:05,46.7,1662407225
1229,2022-09-05 21:47:10,46.7,1662407230
1230,2022-09-05 21:47:15,47.9,1662407235
1231,2022-09-05 21:47:20,47.9,1662407240
1232,2022-09-05 21:47:25,47.9,1662407245
1233,2022-09-05 21:47:30,47.9,1662407250
1234,2022-09-05 21:47:35,46.6,1662407255
1235,2022-09-05 21:47:40,46.6,1662407260
1236,2022-09-05 21:47:45,46.6,1662407265
1237,2022-09-05 21:47:50,46.6,1662407270
1238,2022-09-05 21:47:55,47.1,1662407275
1239,2022-09-05 21:48:00,47.1,1662407280
1240,2022-09-05 21:48:05,47.1,1662407285
1241,2022-09-05 21:48:10,47.1,1662407290
1242,2022-09-05 21:48:15,22.0,1662407295
1243,2022-09-05 21:48:20,22.0,1662407300
1244,2022-09-05 21:48:25,22.0,1662407305
1245,2022-09-05 21:48:30,22.0,1662407310
1246,2022-09-05 21:48:35,22.0,1662407315
1247,2022-09-05 21:48:40,22.0,1662407320
1248,2022-09-05 21:48:45,22.0,1662407325
1249,2022-09-05 21:48:50,22.0,1662407330
1250,2022-09-05 21:48:55,48.3,1662407335
1251,2022-09-05 21:49:00,48.3,1662407340
1252,2022-09-05 21:49:05,48.3,1662407345
1253,2022-09-05 21:49:10,48.3,1662407350
1254,2022-09-05 21:49:15,48.9,1662407355
1255,2022-09-05 21:49:20,48.9,1662407360
1256,2022-09-05 21:49:25,48.9,1662407365
1257,2022-09-05 21:49:30,48.9,1662407370
1258,2022-09-05 21:49:35,47.7,1662407375
1259,2022-09-05 21:49:40,47.7,1662407380
1260,2022-09-05 21:49:45,47.7,1662407385
1261,2022-09-05 21:49:50,47.7,1662407390
1262,2022-09-05 21:49:55,46.8,1662407395
1263,2022-09-05 21:50:00,46.8,1662407400
1264,2022-09-05 21:50:05,46.8,1662407405
1265,2022-09-05 21:50:10,46.8,1662407410
1266,2022-09-05 21:50:15,7.0,1662407415
1267,2022-09-05 21:50:20,7.0,1662407420
1268,2022-09-05 21:50:25,7.0,1662407425
1269,2022-09-05 21:50:30,7.0,1662407430
1270,2022-09-05 21:50:35,6.0,1662407435
1271,2022-09-05 21:50:40,6.0,1662407440
1272,2022-09-05 21:50:45,6.0,1662407445
1273,2022-09-05 21:50:50,6.0,1662407450
1274,2022-09-05 21:50:55,5.8,1662407455
1275,2022-09-05 21:51:00,5.8,1662407460
1276,2022-09-05 21:51:05,5.8,1662407465
1277,2022-09-05 21:51:10,5.8,1662407470
1278,2022-09-05 21:51:15,5.5,1662407475
1279,2022-09-05 21:51:20,5.5,1662407480
1280,2022-09-05 21:51:25,5.5,1662407485
1281,2022-09-05 21:51:30,5.5,1662407490
1282,2022-09-05 21:51:35,5.3,1662407495
1283,2022-09-05 21:51:40,5.3,1662407500
1284,2022-09-05 21:51:45,5.3,1662407505
1285,2022-09-05 21:51:50,5.3,1662407510
1286,2022-09-05 21:51:55,47.2,1662407515
1287,2022-09-05 21:52:00,47.2,1662407520
1288,2022-09-05 21:52:05,47.2,1662407525
1289,2022-09-05 21:52:10,47.2,1662407530
1290,2022-09-05 21:52:15,42.1,1662407535
1291,2022-09-05 21:52:20,42.1,1662407540
1292,2022-09-05 21:52:25,42.1,1662407545
1293,2022-09-05 21:52:30,42.1,1662407550
1294,2022-09-05 21:52:35,45.8,1662407555
1295,2022-09-05 21:52:40,45.8,1662407560
1296,2022-09-05 21:52:45,45.8,1662407565
1297,2022-09-05 21:52:50,45.8,1662407570
1298,2022-09-05 21:52:55,46.4,1662407575
1299,2022-09-05 21:53:00,46.4,1662407580
1300,2022-09-05 21:53:05,46.4,1662407585
1301,2022-09-05 21:53:10,46.4,1662407590
1302,2022-09-05 21:53:15,41.3,1662407595
1303,2022-09-05 21:53:20,41.3,1662407600
1304,2022-09-05 21:53:25,41.3,1662407605
1305,2022-09-05 21:53:30,41.3,1662407610
1306,2022-09-05 21:53:35,41.5,1662407615
1307,2022-09-05 21:53:40,41.5,1662407620
1308,2022-09-05 21:53:45,41.5,1662407625
1309,2022-09-05 21:53:50,41.5,1662407630
1310,2022-09-05 21:53:55,41.0,1662407635
1311,2022-09-05 21:54:00,41.0,1662407640
1312,2022-09-05 21:54:05,41.0,1662407645
1313,2022-09-05 21:54:10,41.0,1662407650
1314,2022-09-05 21:54:15,41.9,1662407655
1315,2022-09-05 21:54:20,41.9,1662407660
1316,2022-09-05 21:54:25,41.9,1662407665
1317,2022-09-05 21:54:30,41.9,1662407670
1318,2022-09-05 21:54:35,59.4,1662407675
1319,2022-09-05 21:54:40,59.4,1662407680
1320,2022-09-05 21:54:45,59.4,1662407685
1321,2022-09-05 21:54:50,59.4,1662407690
1322,2022-09-05 21:54:55,54.9,1662407695
1323,2022-09-05 21:55:00,54.9,1662407700
1324,2022-09-05 21:55:05,54.9,1662407705
1325,2022-09-05 21:55:10,54.9,1662407710
1326,2022-09-05 21:55:15,48.5,1662407715
1327,2022-09-05 21:55:20,48.5,1662407720
1328,2022-09-05 21:55:25,48.5,1662407725
1329,2022-09-05 21:55:30,48.5,1662407730
1330,2022-09-05 21:55:35,49.1,1662407735
1331,2022-09-05 21:55:40,49.1,1662407740
1332,2022-09-05 21:55:45,49.4,1662407745
1333,2022-09-05 21:55:50,49.4,1662407750
1334,2022-09-05 21:55:55,48.6,1662407755
1335,2022-09-05 21:56:00,48.6,1662407760
1336,2022-09-05 21:56:05,48.6,1662407765
1337,2022-09-05 21:56:10,48.6,1662407770
1338,2022-09-05 21:56:15,41.3,1662407775
1339,2022-09-05 21:56:20,41.3,1662407780
1340,2022-09-05 21:56:25,41.3,1662407785
1341,2022-09-05 21:56:30,41.3,1662407790
1342,2022-09-05 21:56:35,47.8,1662407795
1343,2022-09-05 21:56:40,47.8,1662407800
1344,2022-09-05 21:56:45,47.8,1662407805
1345,2022-09-05 21:56:50,47.8,1662407810
1346,2022-09-05 21:56:55,21.6,1662407815
1347,2022-09-05 21:57:00,21.6,1662407820
1348,2022-09-05 21:57:05,21.6,1662407825
1349,2022-09-05 21:57:10,21.6,1662407830
1350,2022-09-05 21:57:15,23.3,1662407835
1351,2022-09-05 21:57:20,23.3,1662407840
1352,2022-09-05 21:57:25,23.3,1662407845
1353,2022-09-05 21:57:30,23.3,1662407850
1354,2022-09-05 21:57:35,51.6,1662407855
1355,2022-09-05 21:57:40,51.6,1662407860
1356,2022-09-05 21:57:45,51.6,1662407865
1357,2022-09-05 21:57:50,51.6,1662407870
1358,2022-09-05 21:57:55,48.7,1662407875
1359,2022-09-05 21:58:00,48.7,1662407880
1360,2022-09-05 21:58:05,48.7,1662407885
1361,2022-09-05 21:58:10,48.7,1662407890
1362,2022-09-05 21:58:15,48.1,1662407895
1363,2022-09-05 21:58:20,48.1,1662407900
1364,2022-09-05 21:58:25,48.1,1662407905
1365,2022-09-05 21:58:30,48.1,1662407910
1366,2022-09-05 21:58:35,47.1,1662407915
1367,2022-09-05 21:58:40,47.1,1662407920
1368,2022-09-05 21:58:45,47.1,1662407925
1369,2022-09-05 21:58:50,47.1,1662407930
1370,2022-09-05 21:58:55,6.2,1662407935
1371,2022-09-05 21:59:00,6.2,1662407940
1372,2022-09-05 21:59:05,6.2,1662407945
1373,2022-09-05 21:59:10,6.2,1662407950
1374,2022-09-05 21:59:15,9.5,1662407955
1375,2022-09-05 21:59:20,9.5,1662407960
1376,2022-09-05 21:59:25,9.4,1662407965
1377,2022-09-05 21:59:30,9.4,1662407970
1378,2022-09-05 21:59:35,8.8,1662407975
1379,2022-09-05 21:59:40,8.8,1662407980
1380,2022-09-05 21:59:45,8.8,1662407985
1381,2022-09-05 21:59:50,8.8,1662407990
1382,2022-09-05 21:59:55,8.8,1662407995
1383,2022-09-05 22:00:00,8.8,1662408000
1384,2022-09-05 22:00:05,8.8,1662408005
1385,2022-09-05 22:00:10,8.8,1662408010
1386,2022-09-05 22:00:15,5.2,1662408015
1387,2022-09-05 22:00:20,5.2,1662408020
1388,2022-09-05 22:00:25,5.2,1662408025
1389,2022-09-05 22:00:30,5.2,1662408030
1390,2022-09-05 22:00:35,46.7,1662408035
1391,2022-09-05 22:00:40,46.7,1662408040
1392,2022-09-05 22:00:45,46.7,1662408045
1393,2022-09-05 22:00:50,46.7,1662408050
1394,2022-09-05 22:00:55,41.6,1662408055
1395,2022-09-05 22:01:00,41.6,1662408060
1396,2022-09-05 22:01:05,41.6,1662408065
1397,2022-09-05 22:01:10,41.6,1662408070
1398,2022-09-05 22:01:15,45.4,1662408075
1399,2022-09-05 22:01:20,45.4,1662408080
1400,2022-09-05 22:01:25,45.4,1662408085
1401,2022-09-05 22:01:30,45.4,1662408090
1402,2022-09-05 22:01:35,44.8,1662408095
1403,2022-09-05 22:01:40,44.8,1662408100
1404,2022-09-05 22:01:45,44.8,1662408105
1405,2022-09-05 22:01:50,44.8,1662408110
1406,2022-09-05 22:01:55,41.2,1662408115
1407,2022-09-05 22:02:00,41.2,1662408120
1408,2022-09-05 22:02:05,41.2,1662408125
1409,2022-09-05 22:02:10,41.2,1662408130
1410,2022-09-05 22:02:15,41.6,1662408135
1411,2022-09-05 22:02:20,41.6,1662408140
1412,2022-09-05 22:02:25,41.6,1662408145
1413,2022-09-05 22:02:30,41.6,1662408150
1414,2022-09-05 22:02:35,41.0,1662408155
1415,2022-09-05 22:02:40,41.0,1662408160
1416,2022-09-05 22:02:45,41.0,1662408165
1417,2022-09-05 22:02:50,41.0,1662408170
1418,2022-09-05 22:02:55,41.8,1662408175
1419,2022-09-05 22:03:00,41.8,1662408180
1420,2022-09-05 22:03:05,41.8,1662408185
1421,2022-09-05 22:03:10,41.8,1662408190
1422,2022-09-05 22:03:15,58.3,1662408195
1423,2022-09-05 22:03:20,58.3,1662408200
1424,2022-09-05 22:03:25,58.3,1662408205
1425,2022-09-05 22:03:30,58.3,1662408210
1426,2022-09-05 22:03:35,55.3,1662408215
1427,2022-09-05 22:03:40,55.3,1662408220
1428,2022-09-05 22:03:45,55.1,1662408225
1429,2022-09-05 22:03:50,55.1,1662408230
1430,2022-09-05 22:03:55,48.5,1662408235
1431,2022-09-05 22:04:00,48.5,1662408240
1432,2022-09-05 22:04:05,48.5,1662408245
1433,2022-09-05 22:04:10,48.5,1662408250
1434,2022-09-05 22:04:15,48.7,1662408255
1435,2022-09-05 22:04:20,48.7,1662408260
1436,2022-09-05 22:04:25,48.7,1662408265
1437,2022-09-05 22:04:30,48.7,1662408270
1438,2022-09-05 22:04:35,47.8,1662408275
1439,2022-09-05 22:04:40,47.8,1662408280
1440,2022-09-05 22:04:45,47.8,1662408285
1441,2022-09-05 22:04:50,47.8,1662408290
1442,2022-09-05 22:04:55,46.8,1662408295
1443,2022-09-05 22:05:00,46.8,1662408300
1444,2022-09-05 22:05:05,46.8,1662408305
1445,2022-09-05 22:05:10,46.8,1662408310
1446,2022-09-05 22:05:15,19.7,1662408315
1447,2022-09-05 22:05:20,19.7,1662408320
1448,2022-09-05 22:05:25,19.7,1662408325
1449,2022-09-05 22:05:30,19.7,1662408330
1450,2022-09-05 22:05:35,18.5,1662408335
1451,2022-09-05 22:05:40,18.5,1662408340
1452,2022-09-05 22:05:45,18.5,1662408345
1453,2022-09-05 22:05:50,18.5,1662408350
1454,2022-09-05 22:05:55,12.1,1662408355
1455,2022-09-05 22:06:00,12.1,1662408360
1456,2022-09-05 22:06:05,12.1,1662408365
1457,2022-09-05 22:06:10,12.1,1662408370
1458,2022-09-05 22:06:15,48.0,1662408375
1459,2022-09-05 22:06:20,48.0,1662408380
1460,2022-09-05 22:06:25,48.0,1662408385
1461,2022-09-05 22:06:30,48.0,1662408390
1462,2022-09-05 22:06:35,49.7,1662408395
1463,2022-09-05 22:06:40,49.7,1662408400
1464,2022-09-05 22:06:45,49.7,1662408405
1465,2022-09-05 22:06:50,49.7,1662408410
1466,2022-09-05 22:06:55,47.4,1662408415
1467,2022-09-05 22:07:00,47.4,1662408420
1468,2022-09-05 22:07:05,47.4,1662408425
1469,2022-09-05 22:07:10,47.4,1662408430
1470,2022-09-05 22:07:15,46.4,1662408435
1471,2022-09-05 22:07:20,46.4,1662408440
1472,2022-09-05 22:07:25,46.4,1662408445
1473,2022-09-05 22:07:30,46.4,1662408450
1474,2022-09-05 22:07:35,6.6,1662408455
1475,2022-09-05 22:07:40,6.6,1662408460
1476,2022-09-05 22:07:45,6.6,1662408465
1477,2022-09-05 22:07:50,6.6,1662408470
1478,2022-09-05 22:07:55,6.0,1662408475
1479,2022-09-05 22:08:00,6.0,1662408480
1480,2022-09-05 22:08:05,6.0,1662408485
1481,2022-09-05 22:08:10,6.0,1662408490
1482,2022-09-05 22:08:15,8.8,1662408495
1483,2022-09-05 22:08:20,8.8,1662408500
1484,2022-09-05 22:08:25,8.8,1662408505
1485,2022-09-05 22:08:30,8.8,1662408510
1486,2022-09-05 22:08:35,8.4,1662408515
1487,2022-09-05 22:08:40,8.4,1662408520
1488,2022-09-05 22:08:45,8.4,1662408525
1489,2022-09-05 22:08:50,8.4,1662408530
1490,2022-09-05 22:08:55,52.9,1662408535
1491,2022-09-05 22:09:00,52.9,1662408540
1492,2022-09-05 22:09:05,52.9,1662408545
1493,2022-09-05 22:09:10,52.9,1662408550
1494,2022-09-05 22:09:15,49.8,1662408555
1495,2022-09-05 22:09:20,49.8,1662408560
1496,2022-09-05 22:09:25,49.8,1662408565
1497,2022-09-05 22:09:30,49.8,1662408570
1498,2022-09-05 22:09:35,41.4,1662408575
1499,2022-09-05 22:09:40,41.4,1662408580
1500,2022-09-05 22:09:45,42.8,1662408585
1501,2022-09-05 22:09:50,42.8,1662408590
1502,2022-09-05 22:09:55,45.8,1662408595
1503,2022-09-05 22:10:00,45.8,1662408600
1504,2022-09-05 22:10:05,45.8,1662408605
1505,2022-09-05 22:10:10,45.8,1662408610
1506,2022-09-05 22:10:15,45.4,1662408615
1507,2022-09-05 22:10:20,45.4,1662408620
1508,2022-09-05 22:10:25,45.4,1662408625
1509,2022-09-05 22:10:30,45.4,1662408630
1510,2022-09-05 22:10:35,40.9,1662408635
1511,2022-09-05 22:10:40,40.9,1662408640
1512,2022-09-05 22:10:45,40.9,1662408645
1513,2022-09-05 22:10:50,40.9,1662408650
1514,2022-09-05 22:10:55,41.6,1662408655
1515,2022-09-05 22:11:00,41.6,1662408660
1516,2022-09-05 22:11:05,41.6,1662408665
1517,2022-09-05 22:11:10,41.6,1662408670
1518,2022-09-05 22:11:15,40.9,1662408675
1519,2022-09-05 22:11:20,40.9,1662408680
1520,2022-09-05 22:11:25,40.9,1662408685
1521,2022-09-05 22:11:30,40.9,1662408690
1522,2022-09-05 22:11:35,41.6,1662408695
1523,2022-09-05 22:11:40,41.6,1662408700
1524,2022-09-05 22:11:45,41.6,1662408705
1525,2022-09-05 22:11:50,41.6,1662408710
1526,2022-09-05 22:11:55,57.2,1662408715
1527,2022-09-05 22:12:00,57.2,1662408720
1528,2022-09-05 22:12:05,56.7,1662408725
1529,2022-09-05 22:12:10,56.7,1662408730
1530,2022-09-05 22:12:15,55.0,1662408735
1531,2022-09-05 22:12:20,55.0,1662408740
1532,2022-09-05 22:12:25,55.0,1662408745
1533,2022-09-05 22:12:30,55.0,1662408750
1534,2022-09-05 22:12:35,49.0,1662408755
1535,2022-09-05 22:12:40,49.0,1662408760
1536,2022-09-05 22:12:45,49.0,1662408765
1537,2022-09-05 22:12:50,49.0,1662408770
1538,2022-09-05 22:12:55,51.4,1662408775
1539,2022-09-05 22:13:00,51.4,1662408780
1540,2022-09-05 22:13:05,51.4,1662408785
1541,2022-09-05 22:13:10,51.4,1662408790
1542,2022-09-05 22:13:15,48.0,1662408795
1543,2022-09-05 22:13:20,48.0,1662408800
1544,2022-09-05 22:13:25,48.0,1662408805
1545,2022-09-05 22:13:30,48.0,1662408810
1546,2022-09-05 22:13:35,48.3,1662408815
1547,2022-09-05 22:13:40,48.3,1662408820
1548,2022-09-05 22:13:45,48.3,1662408825
1549,2022-09-05 22:13:50,48.3,1662408830
1550,2022-09-05 22:13:55,18.5,1662408835
1551,2022-09-05 22:14:00,18.5,1662408840
1552,2022-09-05 22:14:05,18.5,1662408845
1553,2022-09-05 22:14:10,18.5,1662408850
1554,2022-09-05 22:14:15,18.3,1662408855
1555,2022-09-05 22:14:20,18.3,1662408860
1556,2022-09-05 22:14:25,18.3,1662408865
1557,2022-09-05 22:14:30,18.3,1662408870
1558,2022-09-05 22:14:35,51.0,1662408875
1559,2022-09-05 22:14:40,51.0,1662408880
1560,2022-09-05 22:14:45,51.0,1662408885
1561,2022-09-05 22:14:50,51.0,1662408890
1562,2022-09-05 22:14:55,48.8,1662408895
1563,2022-09-05 22:15:00,48.8,1662408900
1564,2022-09-05 22:15:05,48.8,1662408905
1565,2022-09-05 22:15:10,48.8,1662408910
1566,2022-09-05 22:15:15,50.1,1662408915
1567,2022-09-05 22:15:20,50.1,1662408920
1568,2022-09-05 22:15:25,50.1,1662408925
1569,2022-09-05 22:15:30,50.1,1662408930
1570,2022-09-05 22:15:35,47.1,1662408935
1571,2022-09-05 22:15:40,47.1,1662408940
1572,2022-09-05 22:15:45,47.1,1662408945
1573,2022-09-05 22:15:50,47.1,1662408950
1574,2022-09-05 22:15:55,46.7,1662408955
1575,2022-09-05 22:16:00,46.7,1662408960
1576,2022-09-05 22:16:05,46.7,1662408965
1577,2022-09-05 22:16:10,46.7,1662408970
1578,2022-09-05 22:16:15,9.1,1662408975
1579,2022-09-05 22:16:20,9.1,1662408980
1580,2022-09-05 22:16:25,9.1,1662408985
1581,2022-09-05 22:16:30,9.1,1662408990
1582,2022-09-05 22:16:35,9.0,1662408995
1583,2022-09-05 22:16:40,9.0,1662409000
1584,2022-09-05 22:16:45,9.0,1662409005
1585,2022-09-05 22:16:50,9.0,1662409010
1586,2022-09-05 22:16:55,8.9,1662409015
1587,2022-09-05 22:17:00,8.9,1662409020
1588,2022-09-05 22:17:05,8.9,1662409025
1589,2022-09-05 22:17:10,8.9,1662409030
1590,2022-09-05 22:17:15,5.6,1662409035
1591,2022-09-05 22:17:20,5.6,1662409040
1592,2022-09-05 22:17:25,5.6,1662409045
1593,2022-09-05 22:17:30,5.6,1662409050
1594,2022-09-05 22:17:35,5.3,1662409055
1595,2022-09-05 22:17:40,5.3,1662409060
1596,2022-09-05 22:17:45,5.3,1662409065
1597,2022-09-05 22:17:50,5.3,1662409070
