"Time","docker cpu usage","powertop measure","smart plug measure","timestamp"
2022-02-22 09:53:45,0,2.66,10.9,1645520025
2022-02-22 09:53:50,0,2.66,11.0,1645520029
2022-02-22 09:53:55,0,2.35,11.0,1645520035
2022-02-22 09:54:00,0,2.35,11.0,1645520039
2022-02-22 09:54:05,0,2.57,14.0,1645520045
2022-02-22 09:54:10,0,2.57,14.0,1645520049
2022-02-22 09:54:15,0,2.57,14.0,1645520055
2022-02-22 09:54:20,0,2.48,14.0,1645520059
2022-02-22 09:54:25,0,2.48,12.0,1645520065
2022-02-22 09:54:30,99.7,2.48,12.0,1645520069
2022-02-22 09:54:35,99.9,13.8,12.0,1645520075
2022-02-22 09:54:40,99.9,13.8,26.8,1645520079
2022-02-22 09:54:45,100,13.8,26.8,1645520085
2022-02-22 09:54:50,99.7,15,26.8,1645520089
2022-02-22 09:54:55,100,15,27.2,1645520095
2022-02-22 09:55:00,100,15.3,27.2,1645520099
2022-02-22 09:55:05,100,15.3,27.2,1645520105
2022-02-22 09:55:10,100,15.3,27.6,1645520109
2022-02-22 09:55:15,99.9,15.4,27.6,1645520115
2022-02-22 09:55:20,99.9,15.4,27.6,1645520119
2022-02-22 09:55:25,99.9,15.7,27.5,1645520125
2022-02-22 09:55:30,100,15.7,27.5,1645520129
2022-02-22 09:55:35,100,15.7,27.5,1645520135
2022-02-22 09:55:40,100,15.8,27.5,1645520139
2022-02-22 09:55:45,100,15.8,31.4,1645520145
2022-02-22 09:55:50,100,15.8,31.4,1645520149
2022-02-22 09:55:55,99.9,16.1,31.4,1645520155
2022-02-22 09:56:00,99.9,16.1,29.8,1645520159
2022-02-22 09:56:05,99.8,18,29.8,1645520165
2022-02-22 09:56:10,100,18,29.8,1645520169
2022-02-22 09:56:15,100,18,30.1,1645520175
2022-02-22 09:56:20,100,17.6,30.1,1645520179
2022-02-22 09:56:25,100,17.6,30.1,1645520185
2022-02-22 09:56:30,99.9,17.6,29.9,1645520189
2022-02-22 09:56:35,100,17.7,29.9,1645520195
2022-02-22 09:56:40,100,17.7,29.9,1645520199
2022-02-22 09:56:45,100,18.7,31.3,1645520205
2022-02-22 09:56:50,100,18.7,31.3,1645520209
2022-02-22 09:56:55,102,18.7,31.3,1645520215
2022-02-22 09:57:00,102,17.5,31.3,1645520219
2022-02-22 09:57:05,99.9,17.5,31.0,1645520225
2022-02-22 09:57:10,100,17.5,31.0,1645520229
2022-02-22 09:57:15,99.8,18.7,31.0,1645520235
2022-02-22 09:57:20,99.8,18.7,28.5,1645520239
2022-02-22 09:57:25,99.8,17.2,28.5,1645520245
2022-02-22 09:57:30,100,17.2,28.5,1645520249
2022-02-22 09:57:35,100,17.2,31.1,1645520255
2022-02-22 09:57:40,100,18.3,31.1,1645520259
2022-02-22 09:57:45,99.7,18.3,31.1,1645520265
2022-02-22 09:57:50,100,18.3,30.8,1645520269
2022-02-22 09:57:55,99.9,18.4,30.8,1645520275
2022-02-22 09:58:00,99.9,18.4,30.9,1645520279
2022-02-22 09:58:05,100,19.4,31.9,1645520285
2022-02-22 09:58:10,100,19.4,31.9,1645520289
2022-02-22 09:58:15,99.8,19.4,31.9,1645520295
2022-02-22 09:58:20,99.8,19.9,31.9,1645520299
2022-02-22 09:58:25,101,19.9,32.9,1645520305
2022-02-22 09:58:30,100,19.9,32.9,1645520309
2022-02-22 09:58:35,99.9,19.9,32.9,1645520315
2022-02-22 09:58:40,99.9,19.9,31.7,1645520319
2022-02-22 09:58:45,102,17.1,31.7,1645520325
2022-02-22 09:58:50,100,17.1,31.7,1645520329
2022-02-22 09:58:55,99.7,17.1,31.4,1645520335
2022-02-22 09:59:00,99.7,19.2,31.4,1645520339
2022-02-22 09:59:05,81.6,19.2,31.4,1645520345
2022-02-22 09:59:10,99.9,19.2,31.6,1645520349
2022-02-22 09:59:15,99.9,16.9,31.6,1645520355
2022-02-22 09:59:20,99.9,16.9,31.6,1645520359
2022-02-22 09:59:25,99.9,16.8,30.3,1645520365
2022-02-22 09:59:30,101,16.8,30.3,1645520369
2022-02-22 09:59:35,100,16.8,30.3,1645520375
2022-02-22 09:59:40,100,18.4,30.3,1645520379
2022-02-22 09:59:45,99.8,18.4,30.5,1645520385
2022-02-22 09:59:50,100,18.4,30.5,1645520389
2022-02-22 09:59:55,100,17.2,30.5,1645520395
2022-02-22 10:00:00,100,17.2,31.4,1645520399
2022-02-22 10:00:05,99.7,18.8,31.4,1645520405
2022-02-22 10:00:10,104,18.8,31.4,1645520409
2022-02-22 10:00:15,99.9,18.8,34.7,1645520415
2022-02-22 10:00:20,99.9,22.9,34.7,1645520419
2022-02-22 10:00:25,100,22.9,34.7,1645520425
2022-02-22 10:00:30,99.9,22.9,27.9,1645520429
2022-02-22 10:00:35,100,20,27.9,1645520435
2022-02-22 10:00:40,100,20,27.9,1645520439
2022-02-22 10:00:45,100,23.6,36.7,1645520445
2022-02-22 10:00:50,100,23.6,36.7,1645520449
2022-02-22 10:00:55,0,23.6,36.7,1645520455
2022-02-22 10:01:00,0,3.81,36.7,1645520459
2022-02-22 10:01:05,0,3.81,11.8,1645520465
2022-02-22 10:01:10,0,3.81,11.8,1645520469
2022-02-22 10:01:15,0,2.41,11.8,1645520475
2022-02-22 10:01:20,0,2.41,11.3,1645520479
2022-02-22 10:01:25,0,2.41,11.3,1645520485
2022-02-22 10:01:30,0,2.30,11.3,1645520489
2022-02-22 10:01:35,0,2.30,10.6,1645520495
2022-02-22 10:01:40,0,2.36,10.6,1645520499
2022-02-22 10:01:45,0,2.36,10.6,1645520505
2022-02-22 10:01:50,0,2.36,11.7,1645520509
2022-02-22 10:01:55,0,2.15,11.7,1645520515
2022-02-22 10:02:00,0,2.15,11.7,1645520519
2022-02-22 10:02:05,0,2.15,11.0,1645520525
2022-02-22 10:02:10,0,2.53,11.0,1645520529
2022-02-22 10:02:15,0,2.53,11.0,1645520535
2022-02-22 10:02:20,0,2.53,11.0,1645520539
2022-02-22 10:02:25,198,2.67,17.7,1645520545
2022-02-22 10:02:30,198,2.67,17.7,1645520549
2022-02-22 10:02:35,199,23.9,17.7,1645520555
2022-02-22 10:02:40,200,23.9,36.8,1645520559
2022-02-22 10:02:45,200,23.9,36.8,1645520565
2022-02-22 10:02:50,200,24,36.8,1645520569
2022-02-22 10:02:55,201,24,34.7,1645520575
2022-02-22 10:03:00,200,24,34.7,1645520579
2022-02-22 10:03:05,201,23.8,34.7,1645520585
2022-02-22 10:03:10,200,23.8,36.8,1645520589
2022-02-22 10:03:15,200,25.5,36.8,1645520595
2022-02-22 10:03:20,197,25.5,36.8,1645520599
2022-02-22 10:03:25,200,25.5,36.5,1645520605
2022-02-22 10:03:30,200,25.1,36.5,1645520609
2022-02-22 10:03:35,200,25.1,37.1,1645520615
2022-02-22 10:03:40,200,25.1,37.1,1645520619
2022-02-22 10:03:45,200,23.1,37.5,1645520625
2022-02-22 10:03:50,200,23.1,37.5,1645520629
2022-02-22 10:03:55,200,23.8,37.5,1645520635
2022-02-22 10:04:00,200,23.8,36.0,1645520639
2022-02-22 10:04:05,201,23.8,36.0,1645520645
2022-02-22 10:04:10,200,23.6,36.0,1645520649
2022-02-22 10:04:15,200,23.6,35.3,1645520655
2022-02-22 10:04:20,200,23.6,35.3,1645520659
2022-02-22 10:04:25,200,23.2,35.3,1645520665
2022-02-22 10:04:30,200,23.2,41.6,1645520669
2022-02-22 10:04:35,200,26.9,41.6,1645520675
2022-02-22 10:04:40,201,26.9,41.6,1645520679
2022-02-22 10:04:45,201,26.9,42.6,1645520685
2022-02-22 10:04:50,204,29.9,42.6,1645520689
2022-02-22 10:04:55,204,29.9,42.6,1645520695
2022-02-22 10:05:00,200,29.9,42.6,1645520699
2022-02-22 10:05:05,200,30,43.8,1645520705
2022-02-22 10:05:10,200,30,43.8,1645520709
2022-02-22 10:05:15,200,28.3,43.8,1645520715
2022-02-22 10:05:20,200,28.3,38.8,1645520719
2022-02-22 10:05:25,199,28.3,38.8,1645520725
2022-02-22 10:05:30,201,29.1,38.8,1645520729
2022-02-22 10:05:35,201,29.1,38.4,1645520735
2022-02-22 10:05:40,200,29.1,38.4,1645520739
2022-02-22 10:05:45,200,27.7,38.4,1645520745
2022-02-22 10:05:50,200,27.7,44.0,1645520749
2022-02-22 10:05:55,200,31.2,44.0,1645520755
2022-02-22 10:06:00,200,31.2,44.0,1645520759
2022-02-22 10:06:05,199,31.2,45.7,1645520765
2022-02-22 10:06:10,200,32.4,45.7,1645520769
2022-02-22 10:06:15,200,32.4,45.7,1645520775
2022-02-22 10:06:20,200,32.4,45.7,1645520779
2022-02-22 10:06:25,201,31.7,45.9,1645520785
2022-02-22 10:06:30,201,31.7,45.9,1645520789
2022-02-22 10:06:35,155,32.2,45.9,1645520795
2022-02-22 10:06:40,155,32.2,29.7,1645520799
2022-02-22 10:06:45,100,32.2,29.7,1645520805
2022-02-22 10:06:50,100,17.2,29.7,1645520809
2022-02-22 10:06:55,1.73,17.2,32.4,1645520815
2022-02-22 10:07:00,1.73,17.2,32.4,1645520819
2022-02-22 10:07:05,99.6,15.2,32.4,1645520825
2022-02-22 10:07:10,99.9,15.2,31.9,1645520829
2022-02-22 10:07:15,99.8,19,31.9,1645520835
2022-02-22 10:07:20,99.8,19,31.9,1645520839
2022-02-22 10:07:25,200,19,34.4,1645520845
2022-02-22 10:07:30,200,22.8,34.4,1645520849
2022-02-22 10:07:35,200,22.8,34.4,1645520855
2022-02-22 10:07:40,200,22.8,34.4,1645520859
2022-02-22 10:07:45,201,23.2,36.0,1645520865
2022-02-22 10:07:50,201,23.2,36.0,1645520869
2022-02-22 10:07:55,200,23.5,36.0,1645520875
2022-02-22 10:08:00,200,23.5,38.1,1645520879
2022-02-22 10:08:05,197,23.5,38.1,1645520885
2022-02-22 10:08:10,199,32.4,38.1,1645520889
2022-02-22 10:08:15,198,32.4,54.0,1645520895
2022-02-22 10:08:20,198,32.4,54.0,1645520899
2022-02-22 10:08:25,192,41.4,54.0,1645520905
2022-02-22 10:08:30,200,41.4,48.1,1645520909
2022-02-22 10:08:35,201,35.6,48.1,1645520915
2022-02-22 10:08:40,201,35.6,48.1,1645520919
2022-02-22 10:08:45,199,35.6,11.7,1645520925
2022-02-22 10:08:50,0,25.7,11.7,1645520929
2022-02-22 10:08:55,0,25.7,11.7,1645520935
2022-02-22 10:09:00,0,25.7,11.7,1645520939
2022-02-22 10:09:05,0,2.41,13.4,1645520945
2022-02-22 10:09:10,0,2.41,13.4,1645520949
2022-02-22 10:09:15,0,2.47,13.4,1645520955
2022-02-22 10:09:20,0,2.47,11.8,1645520959
2022-02-22 10:09:25,0,2.47,11.8,1645520965
2022-02-22 10:09:30,0,2.41,11.8,1645520969
2022-02-22 10:09:35,0,2.41,11.9,1645520975
2022-02-22 10:09:40,0,2.41,11.9,1645520979
2022-02-22 10:09:45,0,2.42,11.9,1645520985
2022-02-22 10:09:50,0,2.42,11.2,1645520989
2022-02-22 10:09:55,0,2.07,11.2,1645520995
2022-02-22 10:10:00,0,2.07,11.2,1645520999
2022-02-22 10:10:05,0,2.07,11.2,1645521005
2022-02-22 10:10:10,0,2.48,11.2,1645521009
2022-02-22 10:10:15,0,2.48,11.2,1645521015
2022-02-22 10:10:20,301,2.48,11.2,1645521019
2022-02-22 10:10:25,301,26.5,42.8,1645521025
2022-02-22 10:10:30,301,26.5,42.8,1645521029
2022-02-22 10:10:35,302,31.5,42.8,1645521035
2022-02-22 10:10:40,298,31.5,44.2,1645521039
2022-02-22 10:10:45,288,31.5,44.2,1645521045
2022-02-22 10:10:50,288,32.1,44.2,1645521049
2022-02-22 10:10:55,296,32.1,42.6,1645521055
2022-02-22 10:11:00,300,32.1,42.6,1645521059
2022-02-22 10:11:05,300,32,42.6,1645521065
2022-02-22 10:11:10,300,32,44.2,1645521069
2022-02-22 10:11:15,300,31.6,44.2,1645521075
2022-02-22 10:11:20,294,31.6,44.2,1645521079
2022-02-22 10:11:25,300,31.6,45.4,1645521085
2022-02-22 10:11:30,300,33,45.4,1645521089
2022-02-22 10:11:35,302,33,45.4,1645521095
2022-02-22 10:11:40,301,33,45.4,1645521099
2022-02-22 10:11:45,300,30.7,32.7,1645521105
2022-02-22 10:11:50,300,30.7,32.7,1645521109
2022-02-22 10:11:55,298,20.2,32.7,1645521115
2022-02-22 10:12:00,300,20.2,33.8,1645521119
2022-02-22 10:12:05,300,20.2,33.8,1645521125
2022-02-22 10:12:10,300,23.2,33.8,1645521129
2022-02-22 10:12:15,301,23.2,35.3,1645521135
2022-02-22 10:12:20,300,23.2,35.3,1645521139
2022-02-22 10:12:25,301,23.2,35.3,1645521145
2022-02-22 10:12:30,301,23.2,56.4,1645521149
2022-02-22 10:12:35,298,42.2,56.4,1645521155
2022-02-22 10:12:40,300,42.2,56.4,1645521159
2022-02-22 10:12:45,300,42.2,56.7,1645521165
2022-02-22 10:12:50,300,41.3,56.7,1645521169
2022-02-22 10:12:55,302,41.3,56.7,1645521175
2022-02-22 10:13:00,300,41.3,56.7,1645521179
2022-02-22 10:13:05,301,42.7,56.7,1645521185
2022-02-22 10:13:10,301,42.7,56.7,1645521189
2022-02-22 10:13:15,299,37.9,56.7,1645521195
2022-02-22 10:13:20,297,37.9,56.6,1645521199
2022-02-22 10:13:25,295,37.9,56.6,1645521205
2022-02-22 10:13:30,295,40,56.6,1645521209
2022-02-22 10:13:35,295,40,52.2,1645521215
2022-02-22 10:13:40,301,40,52.2,1645521219
2022-02-22 10:13:45,300,41.3,52.2,1645521225
2022-02-22 10:13:50,300,41.3,57.4,1645521229
2022-02-22 10:13:55,299,43.1,57.4,1645521235
2022-02-22 10:14:00,301,43.1,57.4,1645521239
2022-02-22 10:14:05,298,43.1,57.9,1645521245
2022-02-22 10:14:10,298,42.8,57.9,1645521249
2022-02-22 10:14:15,301,42.8,57.9,1645521255
2022-02-22 10:14:20,300,42.8,57.9,1645521259
2022-02-22 10:14:25,300,44.2,57.6,1645521265
2022-02-22 10:14:30,300,44.2,57.6,1645521269
2022-02-22 10:14:35,99.9,24,57.6,1645521275
2022-02-22 10:14:40,99.8,24,32.3,1645521279
2022-02-22 10:14:45,100,24,32.3,1645521285
2022-02-22 10:14:50,100,18.1,32.3,1645521289
2022-02-22 10:14:55,100,18.1,28.5,1645521295
2022-02-22 10:15:00,100,18.1,28.5,1645521299
2022-02-22 10:15:05,99.9,17.3,27.5,1645521305
2022-02-22 10:15:10,99.9,17.3,11.4,1645521309
2022-02-22 10:15:15,283,20.1,11.4,1645521315
2022-02-22 10:15:20,302,20.1,11.4,1645521319
2022-02-22 10:15:25,300,20.1,39.6,1645521325
2022-02-22 10:15:30,300,25.8,39.6,1645521329
2022-02-22 10:15:35,300,25.8,39.6,1645521335
2022-02-22 10:15:40,301,25.8,39.6,1645521339
2022-02-22 10:15:45,300,26.1,42.4,1645521345
2022-02-22 10:15:50,300,26.1,42.4,1645521349
2022-02-22 10:15:55,301,26.1,42.4,1645521355
2022-02-22 10:16:00,300,32.7,66.1,1645521359
2022-02-22 10:16:05,300,32.7,66.1,1645521365
2022-02-22 10:16:10,300,52,66.1,1645521369
2022-02-22 10:16:15,300,52,72.9,1645521375
2022-02-22 10:16:20,289,52,72.9,1645521379
2022-02-22 10:16:25,298,46.4,72.9,1645521385
2022-02-22 10:16:30,298,46.4,69.6,1645521389
2022-02-22 10:16:35,290,46.4,69.6,1645521395
2022-02-22 10:16:40,0,55.4,69.6,1645521399
2022-02-22 10:16:45,0,55.4,11.5,1645521405
2022-02-22 10:16:50,0,2.52,11.5,1645521409
2022-02-22 10:16:55,0,2.52,11.5,1645521415
2022-02-22 10:17:00,0,2.52,11.5,1645521419
2022-02-22 10:17:05,0,2.49,11.3,1645521425
2022-02-22 10:17:10,0,2.49,11.3,1645521429
2022-02-22 10:17:15,0,2.49,11.3,1645521435
2022-02-22 10:17:20,0,2.12,15.0,1645521439
2022-02-22 10:17:25,0,2.12,15.0,1645521445
2022-02-22 10:17:30,0,2.12,15.0,1645521449
2022-02-22 10:17:35,0,2.46,15.5,1645521455
2022-02-22 10:17:40,0,2.46,15.5,1645521459
2022-02-22 10:17:45,0,2.45,15.5,1645521465
2022-02-22 10:17:50,0,2.45,11.4,1645521469
2022-02-22 10:17:55,0,2.45,11.4,1645521475
2022-02-22 10:18:00,0,2.43,11.4,1645521479
2022-02-22 10:18:05,0,2.43,11.3,1645521485
2022-02-22 10:18:10,0,2.43,11.3,1645521489
2022-02-22 10:18:15,390,16.2,11.3,1645521495
2022-02-22 10:18:20,390,16.2,11.3,1645521499
2022-02-22 10:18:25,384,37.9,48.9,1645521505
2022-02-22 10:18:30,391,37.9,48.9,1645521509
2022-02-22 10:18:35,380,37.9,48.9,1645521515
2022-02-22 10:18:40,380,38.5,50.0,1645521519
2022-02-22 10:18:45,387,38.5,50.0,1645521525
2022-02-22 10:18:50,384,38.5,50.0,1645521529
2022-02-22 10:18:55,393,38.8,52.4,1645521535
2022-02-22 10:19:00,393,38.8,52.4,1645521539
2022-02-22 10:19:05,392,40.8,52.4,1645521545
2022-02-22 10:19:10,398,40.8,52.9,1645521549
2022-02-22 10:19:15,392,40.8,52.9,1645521555
2022-02-22 10:19:20,392,40.7,52.5,1645521559
2022-02-22 10:19:25,397,40.7,52.7,1645521565
2022-02-22 10:19:30,390,40.7,52.7,1645521569
2022-02-22 10:19:35,400,40.8,52.7,1645521575
2022-02-22 10:19:40,400,40.8,52.7,1645521579
2022-02-22 10:19:45,400,40.8,36.2,1645521585
2022-02-22 10:19:50,402,22.5,36.2,1645521589
2022-02-22 10:19:55,380,22.5,36.2,1645521595
2022-02-22 10:20:00,380,22.5,36.0,1645521599
2022-02-22 10:20:05,402,24.7,36.0,1645521605
2022-02-22 10:20:10,400,24.7,36.0,1645521609
2022-02-22 10:20:15,398,23,35.8,1645521615
2022-02-22 10:20:20,398,23,35.8,1645521619
2022-02-22 10:20:25,397,23,35.8,1645521625
2022-02-22 10:20:30,396,54.8,71.2,1645521629
2022-02-22 10:20:35,398,54.8,71.2,1645521635
2022-02-22 10:20:40,398,54.8,71.2,1645521639
2022-02-22 10:20:45,396,54,72.1,1645521645
2022-02-22 10:20:50,394,54,72.1,1645521649
2022-02-22 10:20:55,396,55.6,72.1,1645521655
2022-02-22 10:21:00,396,55.6,72.1,1645521659
2022-02-22 10:21:05,393,55.6,56.9,1645521665
2022-02-22 10:21:10,397,47.4,56.9,1645521669
2022-02-22 10:21:15,400,47.4,56.9,1645521675
2022-02-22 10:21:20,400,47.4,69.5,1645521679
2022-02-22 10:21:25,384,51.2,64.4,1645521685
2022-02-22 10:21:30,399,51.2,64.4,1645521689
2022-02-22 10:21:35,400,52.7,69.3,1645521695
2022-02-22 10:21:40,400,52.7,69.3,1645521699
2022-02-22 10:21:45,381,52.7,69.2,1645521705
2022-02-22 10:21:50,400,55.9,73.1,1645521709
2022-02-22 10:21:55,398,55.9,73.1,1645521715
2022-02-22 10:22:00,398,55.9,73.1,1645521719
2022-02-22 10:22:05,400,55.8,73.8,1645521725
2022-02-22 10:22:10,400,55.8,73.8,1645521729
2022-02-22 10:22:15,397,55.8,73.8,1645521735
2022-02-22 10:22:20,397,57.7,73.8,1645521739
2022-02-22 10:22:25,399,57.7,72.0,1645521745
2022-02-22 10:22:30,101,57.7,72.0,1645521749
2022-02-22 10:22:35,99.9,23.4,72.0,1645521755
2022-02-22 10:22:40,99.9,23.4,32.6,1645521759
2022-02-22 10:22:45,99.9,16.6,32.6,1645521765
2022-02-22 10:22:50,100,16.6,32.6,1645521769
2022-02-22 10:22:55,99.8,16.6,31.9,1645521775
2022-02-22 10:23:00,99.8,17.6,31.9,1645521779
2022-02-22 10:23:05,100,17.6,31.9,1645521785
2022-02-22 10:23:10,398,17.6,46.2,1645521789
2022-02-22 10:23:15,400,25.1,46.2,1645521795
2022-02-22 10:23:20,400,25.1,46.2,1645521799
2022-02-22 10:23:25,400,31.7,55.1,1645521805
2022-02-22 10:23:30,381,31.7,55.1,1645521809
2022-02-22 10:23:35,401,31.7,55.1,1645521815
2022-02-22 10:23:40,401,30.6,55.1,1645521819
2022-02-22 10:23:45,401,30.6,48.3,1645521825
2022-02-22 10:23:50,407,30.6,48.0,1645521829
2022-02-22 10:23:55,399,42.6,48.0,1645521835
2022-02-22 10:24:00,395,42.6,87.5,1645521839
2022-02-22 10:24:05,395,64.4,87.5,1645521845
2022-02-22 10:24:10,401,64.4,87.5,1645521849
2022-02-22 10:24:15,383,64.4,79.4,1645521855
2022-02-22 10:24:20,400,60.1,79.4,1645521859
2022-02-22 10:24:25,400,60.1,79.4,1645521865
2022-02-22 10:24:30,383,60.1,65.0,1645521869
2022-02-22 10:24:35,0,50.4,65.0,1645521875
2022-02-22 10:24:40,0,50.4,65.0,1645521879
2022-02-22 10:24:45,0,1.64,10.4,1645521885
2022-02-22 10:24:50,0,1.64,10.4,1645521889
2022-02-22 10:24:55,0,1.64,10.4,1645521895
2022-02-22 10:25:00,0,1.48,10.4,1645521899
2022-02-22 10:25:05,0,1.48,11.6,1645521905
2022-02-22 10:25:10,0,1.48,11.6,1645521909
2022-02-22 10:25:15,0,1.74,11.6,1645521915
2022-02-22 10:25:20,0,1.74,10.9,1645521919
2022-02-22 10:25:25,0,1.74,10.9,1645521925
2022-02-22 10:25:30,0,1.60,10.9,1645521929
2022-02-22 10:25:35,0,1.60,10.7,1645521935
2022-02-22 10:25:40,0,1.60,10.7,1645521939
2022-02-22 10:25:45,0,1.67,10.7,1645521945
2022-02-22 10:25:50,0,1.67,10.2,1645521949
2022-02-22 10:25:55,0,1.83,10.2,1645521955
2022-02-22 10:26:00,0,1.83,10.2,1645521959
2022-02-22 10:26:05,484,1.83,49.9,1645521965
2022-02-22 10:26:10,484,24.4,49.9,1645521969
2022-02-22 10:26:15,478,24.4,49.9,1645521975
2022-02-22 10:26:20,485,24.4,49.9,1645521979
2022-02-22 10:26:25,483,39.2,50.6,1645521985
2022-02-22 10:26:30,474,39.2,50.6,1645521989
2022-02-22 10:26:35,474,39.2,50.6,1645521995
2022-02-22 10:26:40,498,39.2,50.6,1645521999
2022-02-22 10:26:45,478,39.2,50.6,1645522005
2022-02-22 10:26:50,500,39.9,50.6,1645522009
2022-02-22 10:26:55,500,39.9,51.9,1645522015
2022-02-22 10:27:00,488,39.9,51.9,1645522019
2022-02-22 10:27:05,499,40.6,51.9,1645522025
2022-02-22 10:27:10,489,40.6,52.0,1645522029
2022-02-22 10:27:15,489,40.7,52.0,1645522035
2022-02-22 10:27:20,501,40.7,52.0,1645522039
2022-02-22 10:27:25,474,40.7,52.1,1645522045
2022-02-22 10:27:30,502,38.1,52.1,1645522049
2022-02-22 10:27:35,502,38.1,55.9,1645522055
2022-02-22 10:27:40,499,38.1,55.9,1645522059
2022-02-22 10:27:45,501,22.1,35.5,1645522065
2022-02-22 10:27:50,397,22.1,35.5,1645522069
2022-02-22 10:27:55,397,22.1,35.5,1645522075
2022-02-22 10:28:00,399,25.2,36.7,1645522079
2022-02-22 10:28:05,398,25.2,36.7,1645522085
2022-02-22 10:28:10,496,25.2,36.7,1645522089
2022-02-22 10:28:15,496,25.5,35.7,1645522095
2022-02-22 10:28:20,500,25.5,35.7,1645522099
2022-02-22 10:28:25,499,22.3,35.7,1645522105
2022-02-22 10:28:30,448,22.3,53.8,1645522109
2022-02-22 10:28:35,448,22.3,53.8,1645522115
2022-02-22 10:28:40,401,24.7,53.8,1645522119
2022-02-22 10:28:45,398,24.7,37.3,1645522125
2022-02-22 10:28:50,402,24.7,37.3,1645522129
2022-02-22 10:28:55,402,26.2,37.3,1645522135
2022-02-22 10:29:00,495,26.2,37.3,1645522139
2022-02-22 10:29:05,494,56.6,73.0,1645522145
2022-02-22 10:29:10,498,56.6,73.0,1645522149
2022-02-22 10:29:15,498,56.6,73.0,1645522155
2022-02-22 10:29:20,496,54.5,72.1,1645522159
2022-02-22 10:29:25,499,54.5,72.1,1645522165
2022-02-22 10:29:30,497,54.5,72.1,1645522169
2022-02-22 10:29:35,497,56.2,54.2,1645522175
2022-02-22 10:29:40,498,56.2,54.2,1645522179
2022-02-22 10:29:45,496,56.2,54.2,1645522185
2022-02-22 10:29:50,498,50.3,70.0,1645522189
2022-02-22 10:29:55,498,50.3,70.0,1645522195
2022-02-22 10:30:00,497,51.3,70.0,1645522199
2022-02-22 10:30:05,496,51.3,66.4,1645522205
2022-02-22 10:30:10,499,51.3,66.4,1645522209
2022-02-22 10:30:15,499,54,66.4,1645522215
2022-02-22 10:30:20,484,54,66.4,1645522219
2022-02-22 10:30:25,495,54,73.6,1645522225
2022-02-22 10:30:30,497,58.3,73.6,1645522229
2022-02-22 10:30:35,497,58.3,73.6,1645522235
2022-02-22 10:30:40,500,58.3,73.5,1645522239
2022-02-22 10:30:45,500,56.9,73.5,1645522245
2022-02-22 10:30:50,498,56.9,73.5,1645522249
2022-02-22 10:30:55,498,58.6,73.7,1645522255
2022-02-22 10:31:00,499,58.6,73.7,1645522259
2022-02-22 10:31:05,99.9,58.6,73.7,1645522265
2022-02-22 10:31:10,99.8,16.9,32.0,1645522269
2022-02-22 10:31:15,99.8,16.9,32.0,1645522275
2022-02-22 10:31:20,99.9,16.9,32.0,1645522279
2022-02-22 10:31:25,100,15.5,30.5,1645522285
2022-02-22 10:31:30,100,15.5,30.5,1645522289
2022-02-22 10:31:35,100,18.8,30.5,1645522295
2022-02-22 10:31:40,100,18.8,30.5,1645522299
2022-02-22 10:31:45,501,18.8,44.7,1645522305
2022-02-22 10:31:50,502,28.1,44.7,1645522309
2022-02-22 10:31:55,502,28.1,44.7,1645522315
2022-02-22 10:32:00,500,28.1,49.8,1645522319
2022-02-22 10:32:05,496,33.7,49.8,1645522325
2022-02-22 10:32:10,500,33.7,49.8,1645522329
2022-02-22 10:32:15,500,33.7,51.8,1645522335
2022-02-22 10:32:20,498,33,51.8,1645522339
2022-02-22 10:32:25,497,33,51.8,1645522345
2022-02-22 10:32:30,488,33,78.6,1645522349
2022-02-22 10:32:35,488,50.6,78.6,1645522355
2022-02-22 10:32:40,489,50.6,78.6,1645522359
2022-02-22 10:32:45,487,62.4,76.4,1645522365
2022-02-22 10:32:50,478,62.4,76.4,1645522369
2022-02-22 10:32:55,478,62.4,76.4,1645522375
2022-02-22 10:33:00,486,65.3,76.4,1645522379
2022-02-22 10:33:05,477,65.3,71.6,1645522385
2022-02-22 10:33:10,0,65.3,71.6,1645522389
2022-02-22 10:33:15,0,36.3,71.6,1645522395
2022-02-22 10:33:20,0,36.3,10.8,1645522399
2022-02-22 10:33:25,0,1.34,10.8,1645522405
2022-02-22 10:33:30,0,1.34,10.8,1645522409
2022-02-22 10:33:35,0,1.34,10.8,1645522415
2022-02-22 10:33:40,0,1.69,10.8,1645522419
2022-02-22 10:33:45,0,1.69,10.8,1645522425
2022-02-22 10:33:50,0,1.69,10.4,1645522429
2022-02-22 10:33:55,0,1.92,10.4,1645522435
2022-02-22 10:34:00,0,1.92,10.4,1645522439
2022-02-22 10:34:05,0,1.66,10.4,1645522445
2022-02-22 10:34:10,0,1.66,10.4,1645522449
2022-02-22 10:34:15,0,1.66,10.4,1645522455
2022-02-22 10:34:20,0,1.73,10.4,1645522459
2022-02-22 10:34:25,0,1.73,10.4,1645522465
2022-02-22 10:34:30,0,1.73,10.4,1645522469
2022-02-22 10:34:35,0,1.46,10.4,1645522475
2022-02-22 10:34:40,588,1.46,10.4,1645522479
2022-02-22 10:34:45,588,34.6,10.4,1645522485
2022-02-22 10:34:50,601,34.6,10.4,1645522489
2022-02-22 10:34:55,589,34.6,10.4,1645522495
2022-02-22 10:35:00,586,41.7,10.4,1645522499
2022-02-22 10:35:05,587,41.7,10.4,1645522505
2022-02-22 10:35:10,587,41.7,51.9,1645522509
2022-02-22 10:35:15,590,41.5,51.9,1645522515
2022-02-22 10:35:20,584,41.5,51.9,1645522519
2022-02-22 10:35:25,599,41.5,51.6,1645522525
2022-02-22 10:35:30,599,42.2,51.6,1645522529
2022-02-22 10:35:35,590,42.2,52.4,1645522535
2022-02-22 10:35:40,602,42.2,52.4,1645522539
2022-02-22 10:35:45,593,41.5,55.0,1645522545
2022-02-22 10:35:50,593,41.5,55.0,1645522549
2022-02-22 10:35:55,601,41,55.0,1645522555
2022-02-22 10:36:00,592,41,52.8,1645522559
2022-02-22 10:36:05,600,41,52.8,1645522565
2022-02-22 10:36:10,600,32.1,52.8,1645522569
2022-02-22 10:36:15,599,32.1,34.9,1645522575
2022-02-22 10:36:20,600,32.1,34.9,1645522579
2022-02-22 10:36:25,399,21.2,34.9,1645522585
2022-02-22 10:36:30,399,21.2,36.7,1645522589
2022-02-22 10:36:35,401,21.2,36.7,1645522595
2022-02-22 10:36:40,400,22.9,36.7,1645522599
2022-02-22 10:36:45,594,22.9,53.3,1645522605
2022-02-22 10:36:50,594,22.9,53.3,1645522609
2022-02-22 10:36:55,600,25.1,53.3,1645522615
2022-02-22 10:37:00,601,25.1,53.3,1645522619
2022-02-22 10:37:05,600,21.3,34.5,1645522625
2022-02-22 10:37:10,600,21.3,34.5,1645522629
2022-02-22 10:37:15,399,21.3,34.5,1645522635
2022-02-22 10:37:20,398,22.8,36.9,1645522639
2022-02-22 10:37:25,402,22.8,36.9,1645522645
2022-02-22 10:37:30,402,22.8,36.9,1645522649
2022-02-22 10:37:35,600,36.4,73.4,1645522655
2022-02-22 10:37:40,601,36.4,73.4,1645522659
2022-02-22 10:37:45,600,57.7,73.4,1645522665
2022-02-22 10:37:50,600,57.7,73.4,1645522669
2022-02-22 10:37:55,594,57.7,73.4,1645522675
2022-02-22 10:38:00,598,56.7,74.5,1645522679
2022-02-22 10:38:05,595,56.7,74.6,1645522685
2022-02-22 10:38:10,595,56.7,74.6,1645522689
2022-02-22 10:38:15,594,55.6,74.6,1645522695
2022-02-22 10:38:20,592,55.6,74.6,1645522699
2022-02-22 10:38:25,598,55.6,66.9,1645522705
2022-02-22 10:38:30,598,54.4,66.9,1645522709
2022-02-22 10:38:35,591,54.4,66.9,1645522715
2022-02-22 10:38:40,598,52.3,67.0,1645522719
2022-02-22 10:38:45,596,52.3,67.0,1645522725
2022-02-22 10:38:50,596,52.3,67.0,1645522729
2022-02-22 10:38:55,590,56.3,74.9,1645522735
2022-02-22 10:39:00,598,56.3,74.9,1645522739
2022-02-22 10:39:05,598,56.3,74.9,1645522745
2022-02-22 10:39:10,598,62,78.3,1645522749
2022-02-22 10:39:15,599,62,78.3,1645522755
2022-02-22 10:39:20,598,62,78.3,1645522759
2022-02-22 10:39:25,600,59,76.9,1645522765
2022-02-22 10:39:30,600,59,76.9,1645522769
2022-02-22 10:39:35,602,58.9,76.9,1645522775
2022-02-22 10:39:40,101,58.9,76.9,1645522779
2022-02-22 10:39:45,100,58.9,30.1,1645522785
2022-02-22 10:39:50,100,16.8,30.1,1645522789
2022-02-22 10:39:55,100,16.8,30.1,1645522795
2022-02-22 10:40:00,100,16.8,28.4,1645522799
2022-02-22 10:40:05,100.0,14.6,28.4,1645522805
2022-02-22 10:40:10,100.0,14.6,28.4,1645522809
2022-02-22 10:40:15,99.8,19.4,32.6,1645522815
2022-02-22 10:40:20,598,19.4,32.6,1645522819
2022-02-22 10:40:25,598,19.4,32.6,1645522825
2022-02-22 10:40:30,598,33,49.3,1645522829
2022-02-22 10:40:35,600,33,49.3,1645522835
2022-02-22 10:40:40,587,33,49.3,1645522839
2022-02-22 10:40:45,596,33.7,51.1,1645522845
2022-02-22 10:40:50,596,33.7,51.1,1645522849
2022-02-22 10:40:55,602,33.7,51.1,1645522855
2022-02-22 10:41:00,600,32.1,51.1,1645522859
2022-02-22 10:41:05,587,32.1,78.2,1645522865
2022-02-22 10:41:10,587,32.1,78.2,1645522869
2022-02-22 10:41:15,602,63.9,78.2,1645522875
2022-02-22 10:41:20,600,63.9,71.0,1645522879
2022-02-22 10:41:25,597,56.8,71.0,1645522885
2022-02-22 10:41:30,597,56.8,71.0,1645522889
2022-02-22 10:41:35,592,56.8,87.6,1645522895
2022-02-22 10:41:40,577,66.9,87.6,1645522899
2022-02-22 10:41:45,0,66.9,87.6,1645522905
2022-02-22 10:41:50,0,66.9,12.2,1645522909
2022-02-22 10:41:55,0,10.9,12.2,1645522915
2022-02-22 10:42:00,0,10.9,12.2,1645522919
2022-02-22 10:42:05,0,1.45,13.6,1645522925
2022-02-22 10:42:10,0,1.45,13.6,1645522929
2022-02-22 10:42:15,0,1.45,13.6,1645522935
2022-02-22 10:42:20,0,1.79,13.6,1645522939
2022-02-22 10:42:25,0,1.79,16.1,1645522945
2022-02-22 10:42:30,0,1.79,16.1,1645522949
2022-02-22 10:42:35,0,1.71,16.1,1645522955
2022-02-22 10:42:40,0,1.71,10.5,1645522959
2022-02-22 10:42:45,0,1.38,10.5,1645522965
2022-02-22 10:42:50,0,1.38,10.5,1645522969
2022-02-22 10:42:55,0,1.38,10.5,1645522975
2022-02-22 10:43:00,0,1.66,10.5,1645522979
2022-02-22 10:43:05,0,1.66,10.5,1645522985
2022-02-22 10:43:10,0,1.66,10.6,1645522989
2022-02-22 10:43:15,668,1.46,10.6,1645522995
2022-02-22 10:43:20,668,1.46,10.6,1645522999
2022-02-22 10:43:25,697,1.46,53.2,1645523005
2022-02-22 10:43:30,699,42.9,53.2,1645523009
2022-02-22 10:43:35,699,42.9,53.2,1645523015
2022-02-22 10:43:40,699,42.9,53.2,1645523019
2022-02-22 10:43:45,700,43.1,53.8,1645523025
2022-02-22 10:43:50,697,43.1,53.8,1645523029
2022-02-22 10:43:55,700,43.1,53.8,1645523035
2022-02-22 10:44:00,700,43.1,51.5,1645523039
2022-02-22 10:44:05,700,43.1,51.5,1645523045
2022-02-22 10:44:10,699,38.6,51.5,1645523049
2022-02-22 10:44:15,701,38.6,52.3,1645523055
2022-02-22 10:44:20,701,38.6,52.3,1645523059
2022-02-22 10:44:25,700,42.1,52.3,1645523065
2022-02-22 10:44:30,703,42.1,51.8,1645523069
2022-02-22 10:44:35,699,41.4,51.8,1645523075
2022-02-22 10:44:40,699,41.4,51.8,1645523079
2022-02-22 10:44:45,699,41.4,31.4,1645523085
2022-02-22 10:44:50,696,22.6,31.4,1645523089
2022-02-22 10:44:55,697,22.6,31.4,1645523095
2022-02-22 10:45:00,697,22.6,31.4,1645523099
2022-02-22 10:45:05,398,23.7,36.1,1645523105
2022-02-22 10:45:10,400,23.7,36.1,1645523109
2022-02-22 10:45:15,398,23.7,36.1,1645523115
2022-02-22 10:45:20,398,23.4,37.2,1645523119
2022-02-22 10:45:25,669,23.4,36.9,1645523125
2022-02-22 10:45:30,699,23.4,36.9,1645523129
2022-02-22 10:45:35,703,24.4,34.6,1645523135
2022-02-22 10:45:40,703,24.4,34.6,1645523139
2022-02-22 10:45:45,698,23.2,34.6,1645523145
2022-02-22 10:45:50,400,23.2,36.8,1645523149
2022-02-22 10:45:55,399,23.2,36.8,1645523155
2022-02-22 10:46:00,399,22.9,36.8,1645523159
2022-02-22 10:46:05,400,22.9,74.9,1645523165
2022-02-22 10:46:10,697,22.9,74.9,1645523169
2022-02-22 10:46:15,702,51.9,74.9,1645523175
2022-02-22 10:46:20,702,51.9,74.9,1645523179
2022-02-22 10:46:25,703,58.5,76.4,1645523185
2022-02-22 10:46:30,699,58.5,76.4,1645523189
2022-02-22 10:46:35,699,58.5,76.4,1645523195
2022-02-22 10:46:40,699,60.2,78.1,1645523199
2022-02-22 10:46:45,699,60.2,78.1,1645523205
2022-02-22 10:46:50,698,60.2,78.1,1645523209
2022-02-22 10:46:55,700,56.3,69.7,1645523215
2022-02-22 10:47:00,700,56.3,69.7,1645523219
2022-02-22 10:47:05,701,56.3,69.7,1645523225
2022-02-22 10:47:10,695,58,69.8,1645523229
2022-02-22 10:47:15,695,58,69.8,1645523235
2022-02-22 10:47:20,695,58,69.8,1645523239
2022-02-22 10:47:25,699,55.2,74.4,1645523245
2022-02-22 10:47:30,696,55.2,74.4,1645523249
2022-02-22 10:47:35,696,59.9,74.4,1645523255
2022-02-22 10:47:40,696,59.9,74.4,1645523259
2022-02-22 10:47:45,703,59.9,78.7,1645523265
2022-02-22 10:47:50,702,62.9,78.7,1645523269
2022-02-22 10:47:55,699,62.9,78.7,1645523275
2022-02-22 10:48:00,699,62.9,78.5,1645523279
2022-02-22 10:48:05,702,63.3,78.5,1645523285
2022-02-22 10:48:10,697,63.3,78.5,1645523289
2022-02-22 10:48:15,99.8,43.1,29.3,1645523295
2022-02-22 10:48:20,99.8,43.1,29.3,1645523299
2022-02-22 10:48:25,100,43.1,29.3,1645523305
2022-02-22 10:48:30,100,19.9,33.6,1645523309
2022-02-22 10:48:35,99.8,19.9,33.6,1645523315
2022-02-22 10:48:40,99.8,19.9,28.1,1645523319
2022-02-22 10:48:45,99.9,16.8,33.0,1645523325
2022-02-22 10:48:50,100,16.8,33.0,1645523329
2022-02-22 10:48:55,698,20.9,33.0,1645523335
2022-02-22 10:49:00,698,20.9,33.0,1645523339
2022-02-22 10:49:05,698,20.9,54.7,1645523345
2022-02-22 10:49:10,699,33.8,54.7,1645523349
2022-02-22 10:49:15,684,33.8,54.7,1645523355
2022-02-22 10:49:20,684,33.8,40.3,1645523359
2022-02-22 10:49:25,698,34.1,40.3,1645523365
2022-02-22 10:49:30,700,34.1,40.3,1645523369
2022-02-22 10:49:35,701,34.1,44.6,1645523375
2022-02-22 10:49:40,701,35.4,44.6,1645523379
2022-02-22 10:49:45,698,35.4,44.6,1645523385
2022-02-22 10:49:50,700,35.4,86.6,1645523389
2022-02-22 10:49:55,699,67,86.6,1645523395
2022-02-22 10:50:00,699,67,86.6,1645523399
2022-02-22 10:50:05,693,60,80.8,1645523405
2022-02-22 10:50:10,694,60,80.8,1645523409
2022-02-22 10:50:15,698,60,80.8,1645523415
2022-02-22 10:50:20,698,63.2,80.8,1645523419
2022-02-22 10:50:25,0,63.2,17.1,1645523425
2022-02-22 10:50:30,0,63.2,17.1,1645523429
2022-02-22 10:50:35,0,1.77,17.1,1645523435
2022-02-22 10:50:40,0,1.77,11.3,1645523439
2022-02-22 10:50:45,0,1.77,11.3,1645523445
2022-02-22 10:50:50,0,1.77,11.3,1645523449
2022-02-22 10:50:55,0,1.77,11.9,1645523455
2022-02-22 10:51:00,0,1.48,11.9,1645523459
2022-02-22 10:51:05,0,1.48,11.9,1645523465
2022-02-22 10:51:10,0,1.48,10.4,1645523469
2022-02-22 10:51:15,0,1.77,10.4,1645523475
2022-02-22 10:51:20,0,1.77,10.4,1645523479
2022-02-22 10:51:25,0,1.77,11.3,1645523485
2022-02-22 10:51:30,0,1.76,11.3,1645523489
2022-02-22 10:51:35,0,1.76,11.3,1645523495
2022-02-22 10:51:40,0,1.64,11.3,1645523499
2022-02-22 10:51:45,0,1.64,14.1,1645523505
2022-02-22 10:51:50,0,1.64,14.1,1645523509
2022-02-22 10:51:55,0,14.4,14.1,1645523515
2022-02-22 10:52:00,787,14.4,54.5,1645523519
2022-02-22 10:52:05,797,14.4,54.5,1645523525
2022-02-22 10:52:10,797,44.7,54.5,1645523529
2022-02-22 10:52:15,775,44.7,54.8,1645523535
2022-02-22 10:52:20,798,44.7,54.8,1645523539
2022-02-22 10:52:25,778,45.3,54.8,1645523545
2022-02-22 10:52:30,778,45.3,55.1,1645523549
2022-02-22 10:52:35,794,45.1,55.1,1645523555
2022-02-22 10:52:40,774,45.1,55.7,1645523559
2022-02-22 10:52:45,800,45.1,51.9,1645523565
2022-02-22 10:52:50,800,42.1,51.9,1645523569
2022-02-22 10:52:55,777,42.1,51.9,1645523575
2022-02-22 10:53:00,797,42.1,51.9,1645523579
2022-02-22 10:53:05,797,42.9,51.9,1645523585
2022-02-22 10:53:10,780,42.9,51.9,1645523589
2022-02-22 10:53:15,799,42.9,51.9,1645523595
2022-02-22 10:53:20,799,42.5,33.0,1645523599
2022-02-22 10:53:25,768,42.5,33.0,1645523605
2022-02-22 10:53:30,794,42.5,33.0,1645523609
2022-02-22 10:53:35,787,20.3,33.9,1645523615
2022-02-22 10:53:40,787,20.3,33.9,1645523619
2022-02-22 10:53:45,402,25,33.9,1645523625
2022-02-22 10:53:50,402,25,33.9,1645523629
2022-02-22 10:53:55,401,25,36.7,1645523635
2022-02-22 10:54:00,401,26.4,36.7,1645523639
2022-02-22 10:54:05,789,26.4,36.7,1645523645
2022-02-22 10:54:10,794,26.4,31.6,1645523649
2022-02-22 10:54:15,787,20.5,31.6,1645523655
2022-02-22 10:54:20,787,20.5,31.6,1645523659
2022-02-22 10:54:25,401,20.5,36.3,1645523665
2022-02-22 10:54:30,399,25.3,37.0,1645523669
2022-02-22 10:54:35,400,25.3,37.0,1645523675
2022-02-22 10:54:40,400,25.3,37.2,1645523679
2022-02-22 10:54:45,788,27.9,37.2,1645523685
2022-02-22 10:54:50,800,27.9,37.2,1645523689
2022-02-22 10:54:55,798,27.9,79.0,1645523695
2022-02-22 10:55:00,798,62,79.0,1645523699
2022-02-22 10:55:05,746,62,79.0,1645523705
2022-02-22 10:55:10,798,62,79.0,1645523709
2022-02-22 10:55:15,798,60.2,79.7,1645523715
2022-02-22 10:55:20,791,60.2,79.7,1645523719
2022-02-22 10:55:25,742,61.5,79.7,1645523725
2022-02-22 10:55:30,742,61.5,73.3,1645523729
2022-02-22 10:55:35,793,61.5,73.3,1645523735
2022-02-22 10:55:40,798,57.5,73.3,1645523739
2022-02-22 10:55:45,788,57.5,75.7,1645523745
2022-02-22 10:55:50,788,57.5,75.7,1645523749
2022-02-22 10:55:55,795,58.3,75.7,1645523755
2022-02-22 10:56:00,800,58.3,70.6,1645523759
2022-02-22 10:56:05,801,58.3,70.6,1645523765
2022-02-22 10:56:10,801,59,70.6,1645523769
2022-02-22 10:56:15,798,59,80.6,1645523775
2022-02-22 10:56:20,800,65.4,80.6,1645523779
2022-02-22 10:56:25,797,65.4,80.6,1645523785
2022-02-22 10:56:30,797,65.4,80.6,1645523789
2022-02-22 10:56:35,796,63.1,80.0,1645523795
2022-02-22 10:56:40,799,63.1,80.0,1645523799
2022-02-22 10:56:45,799,63.1,80.0,1645523805
2022-02-22 10:56:50,800,65.1,80.4,1645523809
2022-02-22 10:56:55,99.9,65.1,80.4,1645523815
2022-02-22 10:57:00,100,65.1,80.4,1645523819
2022-02-22 10:57:05,100,17.8,80.4,1645523825
2022-02-22 10:57:10,100,17.8,80.4,1645523829
2022-02-22 10:57:15,100,15.7,80.4,1645523835
2022-02-22 10:57:20,100,15.7,80.4,1645523839
2022-02-22 10:57:25,100,15.7,80.4,1645523845
2022-02-22 10:57:30,100,19.8,33.1,1645523849
2022-02-22 10:57:35,796,19.8,33.1,1645523855
2022-02-22 10:57:40,796,19.8,33.1,1645523859
2022-02-22 10:57:45,798,32,42.2,1645523865
2022-02-22 10:57:50,796,32,42.2,1645523869
2022-02-22 10:57:55,795,32,42.2,1645523875
2022-02-22 10:58:00,795,35.5,45.9,1645523879
2022-02-22 10:58:05,794,35.5,45.9,1645523885
2022-02-22 10:58:10,798,35.5,45.9,1645523889
2022-02-22 10:58:15,792,34.4,67.6,1645523895
2022-02-22 10:58:20,792,34.4,67.6,1645523899
2022-02-22 10:58:25,798,64.4,67.6,1645523905
2022-02-22 10:58:30,798,64.4,67.6,1645523909
2022-02-22 10:58:35,799,64.4,71.4,1645523915
2022-02-22 10:58:40,799,59.5,71.4,1645523919
2022-02-22 10:58:45,796,59.5,71.4,1645523925
2022-02-22 10:58:50,791,59.5,85.9,1645523929
2022-02-22 10:58:55,769,67.4,85.9,1645523935
2022-02-22 10:59:00,769,67.4,85.9,1645523939
2022-02-22 10:59:05,0,13,12.0,1645523945
2022-02-22 10:59:10,0,13,12.0,1645523949
2022-02-22 10:59:15,0,13,12.0,1645523955
2022-02-22 10:59:20,0,1.77,10.8,1645523959
2022-02-22 10:59:25,0,1.77,10.8,1645523965
2022-02-22 10:59:30,0,1.77,10.8,1645523969
2022-02-22 10:59:35,0,1.87,11.0,1645523975

